t;Q
30.09.2008;380
1.10.2008;295
2.10.2008;217
3.10.2008;180
4.10.2008;180
5.10.2008;145
6.10.2008;145
7.10.2008;145
8.10.2008;145
9.10.2008;145
10.10.2008;113
11.10.2008;145
12.10.2008;145
13.10.2008;145
14.10.2008;145
15.10.2008;113
16.10.2008;113
17.10.2008;113
18.10.2008;113
19.10.2008;113
20.10.2008;180
21.10.2008;180
22.10.2008;255
23.10.2008;425
24.10.2008;425
25.10.2008;380
26.10.2008;380
27.10.2008;337
28.10.2008;337
29.10.2008;295
30.10.2008;255
31.10.2008;2915
1.11.2008;9794
2.11.2008;9236
3.11.2008;7667
4.11.2008;6477
5.11.2008;5602
6.11.2008;4416
7.11.2008;3708
8.11.2008;3378
9.11.2008;2915
10.11.2008;2626
11.11.2008;2353
12.11.2008;2096
13.11.2008;1973
14.11.2008;1740
15.11.2008;1629
16.11.2008;1522
17.11.2008;1358
18.11.2008;1296
19.11.2008;1234
20.11.2008;1234
21.11.2008;1173
22.11.2008;1113
23.11.2008;1113
24.11.2008;1113
25.11.2008;1113
26.11.2008;1054
27.11.2008;996
28.11.2008;939
29.11.2008;1854
30.11.2008;5394
1.12.2008;6477
2.12.2008;6031
3.12.2008;4795
4.12.2008;4053
5.12.2008;3878
6.12.2008;3708
7.12.2008;3378
8.12.2008;3378
9.12.2008;4416
10.12.2008;4990
11.12.2008;4990
12.12.2008;4603
13.12.2008;4233
14.12.2008;9236
15.12.2008;9513
16.12.2008;8432
17.12.2008;7178
18.12.2008;5815
19.12.2008;5190
20.12.2008;4233
21.12.2008;3541
22.12.2008;3065
23.12.2008;2915
24.12.2008;2626
25.12.2008;2487
26.12.2008;2353
27.12.2008;2222
28.12.2008;2222
29.12.2008;2353
30.12.2008;2487
31.12.2008;2353
1.01.2009;2353
2.01.2009;2222
3.01.2009;3065
4.01.2009;5815
5.01.2009;6252
6.01.2009;5815
7.01.2009;4990
8.01.2009;4233
9.01.2009;3541
10.01.2009;3220
11.01.2009;2915
12.01.2009;2626
13.01.2009;2487
14.01.2009;2353
15.01.2009;2222
16.01.2009;2096
17.01.2009;2096
18.01.2009;1973
19.01.2009;1973
20.01.2009;2626
21.01.2009;3220
22.01.2009;3220
23.01.2009;6031
24.01.2009;9513
25.01.2009;9513
26.01.2009;8964
27.01.2009;8173
28.01.2009;7178
29.01.2009;6477
30.01.2009;6252
31.01.2009;5815
1.02.2009;8173
2.02.2009;13175
3.02.2009;12520
4.02.2009;12520
5.02.2009;15971
6.02.2009;17477
7.02.2009;15606
8.02.2009;13508
9.02.2009;11264
10.02.2009;9513
11.02.2009;7918
12.02.2009;6940
13.02.2009;6477
14.02.2009;5815
15.02.2009;4990
16.02.2009;4416
17.02.2009;3878
18.02.2009;3541
19.02.2009;3220
20.02.2009;2915
21.02.2009;2915
22.02.2009;2768
23.02.2009;2626
24.02.2009;2487
25.02.2009;2487
26.02.2009;2353
27.02.2009;2222
28.02.2009;2222
1.03.2009;2096
2.03.2009;2096
3.03.2009;2222
4.03.2009;2768
5.03.2009;4990
6.03.2009;7420
7.03.2009;6940
8.03.2009;5815
9.03.2009;5190
10.03.2009;4416
11.03.2009;3708
12.03.2009;3220
13.03.2009;3065
14.03.2009;2915
15.03.2009;2768
16.03.2009;2626
17.03.2009;2626
18.03.2009;2487
19.03.2009;2353
20.03.2009;2222
21.03.2009;2222
22.03.2009;2096
23.03.2009;1973
24.03.2009;1854
25.03.2009;1854
26.03.2009;1740
27.03.2009;1629
28.03.2009;1629
29.03.2009;1629
30.03.2009;1522
31.03.2009;1522
1.04.2009;1358
2.04.2009;1296
3.04.2009;1296
4.04.2009;1234
5.04.2009;1234
6.04.2009;1173
7.04.2009;1173
8.04.2009;1113
9.04.2009;1054
10.04.2009;1054
11.04.2009;1054
12.04.2009;996
13.04.2009;996
14.04.2009;996
15.04.2009;939
16.04.2009;939
17.04.2009;939
18.04.2009;939
19.04.2009;996
20.04.2009;883
21.04.2009;773
22.04.2009;773
23.04.2009;720
24.04.2009;720
25.04.2009;720
26.04.2009;720
27.04.2009;827
28.04.2009;773
29.04.2009;720
30.04.2009;668
1.05.2009;668
2.05.2009;617
3.05.2009;617
4.05.2009;567
5.05.2009;567
6.05.2009;518
7.05.2009;518
8.05.2009;471
9.05.2009;471
10.05.2009;471
11.05.2009;425
12.05.2009;425
13.05.2009;380
14.05.2009;380
15.05.2009;380
16.05.2009;380
17.05.2009;380
18.05.2009;380
19.05.2009;337
20.05.2009;295
21.05.2009;295
22.05.2009;295
23.05.2009;295
24.05.2009;295
25.05.2009;295
26.05.2009;295
27.05.2009;295
28.05.2009;295
29.05.2009;255
30.05.2009;255
31.05.2009;255
1.06.2009;255
2.06.2009;255
3.06.2009;255
4.06.2009;217
5.06.2009;217
6.06.2009;255
7.06.2009;255
8.06.2009;217
9.06.2009;217
10.06.2009;217
11.06.2009;217
12.06.2009;217
13.06.2009;217
14.06.2009;217
15.06.2009;180
16.06.2009;180
17.06.2009;180
18.06.2009;180
19.06.2009;180
20.06.2009;180
21.06.2009;180
22.06.2009;180
23.06.2009;217
24.06.2009;180
25.06.2009;180
26.06.2009;180
27.06.2009;180
28.06.2009;180
29.06.2009;180
30.06.2009;180
1.07.2009;180
2.07.2009;180
3.07.2009;180
4.07.2009;217
5.07.2009;217
6.07.2009;217
7.07.2009;217
8.07.2009;217
9.07.2009;217
10.07.2009;217
11.07.2009;180
12.07.2009;180
13.07.2009;180
14.07.2009;180
15.07.2009;180
16.07.2009;180
17.07.2009;180
18.07.2009;180
19.07.2009;145
20.07.2009;145
21.07.2009;145
22.07.2009;145
23.07.2009;113
24.07.2009;113
25.07.2009;113
26.07.2009;145
27.07.2009;145
28.07.2009;113
29.07.2009;113
30.07.2009;113
31.07.2009;113
1.08.2009;113
2.08.2009;113
3.08.2009;113
4.08.2009;113
5.08.2009;113
6.08.2009;113
7.08.2009;113
8.08.2009;113
9.08.2009;113
10.08.2009;113
11.08.2009;113
12.08.2009;113
13.08.2009;113
14.08.2009;113
15.08.2009;113
16.08.2009;113
17.08.2009;113
18.08.2009;113
19.08.2009;113
20.08.2009;113
21.08.2009;113
22.08.2009;113
23.08.2009;113
24.08.2009;113
25.08.2009;113
26.08.2009;113
27.08.2009;83
28.08.2009;83
29.08.2009;113
30.08.2009;113
31.08.2009;113
1.09.2009;113
2.09.2009;113
3.09.2009;113
4.09.2009;113
5.09.2009;113
6.09.2009;113
7.09.2009;83
8.09.2009;83
9.09.2009;83
10.09.2009;83
11.09.2009;83
12.09.2009;83
13.09.2009;83
14.09.2009;83
15.09.2009;83
16.09.2009;83
17.09.2009;83
18.09.2009;83
19.09.2009;83
20.09.2009;83
21.09.2009;83
22.09.2009;83
23.09.2009;83
24.09.2009;83
25.09.2009;83
26.09.2009;83
27.09.2009;83
28.09.2009;83
29.09.2009;83
30.09.2009;83
1.10.2009;83
2.10.2009;83
3.10.2009;83
4.10.2009;83
5.10.2009;83
6.10.2009;83
7.10.2009;83
8.10.2009;83
9.10.2009;83
10.10.2009;83
11.10.2009;83
12.10.2009;83
13.10.2009;83
14.10.2009;83
15.10.2009;83
16.10.2009;55
17.10.2009;55
18.10.2009;55
19.10.2009;55
20.10.2009;55
21.10.2009;83
22.10.2009;113
23.10.2009;113
24.10.2009;145
25.10.2009;113
26.10.2009;113
27.10.2009;113
28.10.2009;83
29.10.2009;83
30.10.2009;83
31.10.2009;83
1.11.2009;83
2.11.2009;83
3.11.2009;83
4.11.2009;83
5.11.2009;83
6.11.2009;83
7.11.2009;83
8.11.2009;83
9.11.2009;83
10.11.2009;83
11.11.2009;83
12.11.2009;83
13.11.2009;83
14.11.2009;83
15.11.2009;83
16.11.2009;83
17.11.2009;83
18.11.2009;83
19.11.2009;83
20.11.2009;83
21.11.2009;83
22.11.2009;83
23.11.2009;83
24.11.2009;83
25.11.2009;83
26.11.2009;83
27.11.2009;83
28.11.2009;83
29.11.2009;83
30.11.2009;113
1.12.2009;113
2.12.2009;113
3.12.2009;113
4.12.2009;113
5.12.2009;113
6.12.2009;113
7.12.2009;113
8.12.2009;113
9.12.2009;113
10.12.2009;113
11.12.2009;113
12.12.2009;113
13.12.2009;113
14.12.2009;113
15.12.2009;113
16.12.2009;113
17.12.2009;145
18.12.2009;255
19.12.2009;2353
20.12.2009;3065
21.12.2009;6031
22.12.2009;18654
23.12.2009;19461
24.12.2009;25627
25.12.2009;27067
26.12.2009;28049
27.12.2009;25627
28.12.2009;22874
29.12.2009;21560
30.12.2009;20707
31.12.2009;21131
1.01.2010;20707
2.01.2010;19461
3.01.2010;17477
4.01.2010;15971
5.01.2010;17477
6.01.2010;17094
7.01.2010;17865
8.01.2010;17477
9.01.2010;15606
10.01.2010;13847
11.01.2010;14190
12.01.2010;14889
13.01.2010;16715
14.01.2010;18257
15.01.2010;16715
16.01.2010;14537
17.01.2010;12520
18.01.2010;11264
19.01.2010;10079
20.01.2010;9236
21.01.2010;8432
22.01.2010;7918
23.01.2010;7667
24.01.2010;8964
25.01.2010;9236
26.01.2010;9794
27.01.2010;10663
28.01.2010;10663
29.01.2010;10369
30.01.2010;9794
31.01.2010;8964
1.02.2010;8173
2.02.2010;7420
3.02.2010;6940
4.02.2010;6477
5.02.2010;7667
6.02.2010;8696
7.02.2010;8432
8.02.2010;8173
9.02.2010;8432
10.02.2010;8964
11.02.2010;8964
12.02.2010;9236
13.02.2010;10369
14.02.2010;11572
15.02.2010;12200
16.02.2010;17865
17.02.2010;17477
18.02.2010;15971
19.02.2010;17094
20.02.2010;15971
21.02.2010;14889
22.02.2010;16341
23.02.2010;18654
24.02.2010;17865
25.02.2010;16715
26.02.2010;15606
27.02.2010;14190
28.02.2010;12845
1.03.2010;11572
2.03.2010;10961
3.03.2010;11883
4.03.2010;15245
5.03.2010;14889
6.03.2010;13847
7.03.2010;13508
8.03.2010;13175
9.03.2010;14190
10.03.2010;12845
11.03.2010;11572
12.03.2010;10663
13.03.2010;9794
14.03.2010;9236
15.03.2010;8696
16.03.2010;8173
17.03.2010;7667
18.03.2010;6940
19.03.2010;6477
20.03.2010;5815
21.03.2010;5190
22.03.2010;4795
23.03.2010;4416
24.03.2010;4233
25.03.2010;4053
26.03.2010;3878
27.03.2010;3708
28.03.2010;3541
29.03.2010;3220
30.03.2010;3220
31.03.2010;3065
1.04.2010;3065
2.04.2010;2915
3.04.2010;2768
4.04.2010;2768
5.04.2010;2626
6.04.2010;2626
7.04.2010;2487
8.04.2010;2353
9.04.2010;2353
10.04.2010;2222
11.04.2010;2222
12.04.2010;2096
13.04.2010;2096
14.04.2010;1973
15.04.2010;1973
16.04.2010;1973
17.04.2010;1973
18.04.2010;2222
19.04.2010;2626
20.04.2010;3065
21.04.2010;2915
22.04.2010;2626
23.04.2010;2487
24.04.2010;2353
25.04.2010;2222
26.04.2010;2096
27.04.2010;2096
28.04.2010;1973
29.04.2010;1973
30.04.2010;1854
1.05.2010;1854
2.05.2010;1740
3.05.2010;1629
4.05.2010;1629
5.05.2010;1522
6.05.2010;1522
7.05.2010;1358
8.05.2010;1358
9.05.2010;1358
10.05.2010;1358
11.05.2010;1358
12.05.2010;1113
13.05.2010;883
14.05.2010;883
15.05.2010;827
16.05.2010;827
17.05.2010;827
18.05.2010;773
19.05.2010;720
20.05.2010;720
21.05.2010;720
22.05.2010;720
23.05.2010;668
24.05.2010;668
25.05.2010;668
26.05.2010;617
27.05.2010;617
28.05.2010;617
29.05.2010;567
30.05.2010;567
31.05.2010;295
1.06.2010;180
2.06.2010;180
3.06.2010;255
4.06.2010;337
5.06.2010;295
6.06.2010;295
7.06.2010;295
8.06.2010;295
9.06.2010;295
10.06.2010;425
11.06.2010;518
12.06.2010;471
13.06.2010;471
14.06.2010;471
15.06.2010;471
16.06.2010;425
17.06.2010;425
18.06.2010;425
19.06.2010;380
20.06.2010;380
21.06.2010;380
22.06.2010;337
23.06.2010;337
24.06.2010;295
25.06.2010;295
26.06.2010;295
27.06.2010;255
28.06.2010;255
29.06.2010;255
30.06.2010;255
1.07.2010;255
2.07.2010;255
3.07.2010;255
4.07.2010;255
5.07.2010;255
6.07.2010;217
7.07.2010;217
8.07.2010;217
9.07.2010;180
10.07.2010;180
11.07.2010;180
12.07.2010;180
13.07.2010;180
14.07.2010;180
15.07.2010;180
16.07.2010;180
17.07.2010;180
18.07.2010;180
19.07.2010;180
20.07.2010;180
21.07.2010;145
22.07.2010;145
23.07.2010;145
24.07.2010;145
25.07.2010;145
26.07.2010;145
27.07.2010;113
28.07.2010;113
29.07.2010;113
30.07.2010;113
31.07.2010;113
1.08.2010;113
2.08.2010;83
3.08.2010;83
4.08.2010;83
5.08.2010;83
6.08.2010;83
7.08.2010;83
8.08.2010;83
9.08.2010;83
10.08.2010;83
11.08.2010;83
12.08.2010;113
13.08.2010;113
14.08.2010;113
15.08.2010;113
16.08.2010;113
17.08.2010;113
18.08.2010;180
19.08.2010;180
20.08.2010;145
21.08.2010;145
22.08.2010;145
23.08.2010;145
24.08.2010;145
25.08.2010;145
26.08.2010;145
27.08.2010;145
28.08.2010;145
29.08.2010;113
30.08.2010;113
31.08.2010;55
1.09.2010;32
2.09.2010;32
3.09.2010;32
4.09.2010;55
5.09.2010;83
6.09.2010;83
7.09.2010;55
8.09.2010;83
9.09.2010;55
10.09.2010;32
11.09.2010;32
12.09.2010;32
13.09.2010;32
14.09.2010;32
15.09.2010;32
16.09.2010;32
17.09.2010;55
18.09.2010;180
19.09.2010;113
20.09.2010;83
21.09.2010;55
22.09.2010;32
23.09.2010;32
24.09.2010;32
25.09.2010;32
26.09.2010;32
27.09.2010;32
28.09.2010;32
29.09.2010;32
30.09.2010;32
1.10.2010;32
2.10.2010;32
3.10.2010;32
4.10.2010;32
5.10.2010;32
6.10.2010;32
7.10.2010;32
8.10.2010;32
9.10.2010;32
10.10.2010;255
11.10.2010;567
12.10.2010;518
13.10.2010;380
14.10.2010;295
15.10.2010;217
16.10.2010;180
17.10.2010;180
18.10.2010;145
19.10.2010;145
20.10.2010;113
21.10.2010;113
22.10.2010;113
23.10.2010;83
24.10.2010;83
25.10.2010;83
26.10.2010;83
27.10.2010;83
28.10.2010;83
29.10.2010;83
30.10.2010;55
31.10.2010;145
1.11.2010;337
2.11.2010;425
3.11.2010;380
4.11.2010;295
5.11.2010;255
6.11.2010;217
7.11.2010;180
8.11.2010;180
9.11.2010;255
10.11.2010;883
11.11.2010;1054
12.11.2010;939
13.11.2010;827
14.11.2010;720
15.11.2010;668
16.11.2010;617
17.11.2010;567
18.11.2010;567
19.11.2010;567
20.11.2010;567
21.11.2010;518
22.11.2010;518
23.11.2010;471
24.11.2010;518
25.11.2010;668
26.11.2010;773
27.11.2010;1113
28.11.2010;4416
29.11.2010;4795
30.11.2010;5394
1.12.2010;5602
2.12.2010;5815
3.12.2010;5602
4.12.2010;4795
5.12.2010;3878
6.12.2010;6477
7.12.2010;15245
8.12.2010;14537
9.12.2010;13175
10.12.2010;10961
11.12.2010;9513
12.12.2010;8173
13.12.2010;6477
14.12.2010;5394
15.12.2010;4795
16.12.2010;4233
17.12.2010;3878
18.12.2010;3878
19.12.2010;10961
20.12.2010;13508
21.12.2010;17865
22.12.2010;22432
23.12.2010;20707
24.12.2010;18654
25.12.2010;16341
26.12.2010;14190
27.12.2010;12520
28.12.2010;11264
29.12.2010;9794
30.12.2010;8696
31.12.2010;10079
1.01.2011;12845
2.01.2011;12520
3.01.2011;11572
4.01.2011;10079
5.01.2011;8964
6.01.2011;7918
7.01.2011;7178
8.01.2011;7420
9.01.2011;7667
10.01.2011;8432
11.01.2011;8173
12.01.2011;7420
13.01.2011;6707
14.01.2011;6031
15.01.2011;5394
16.01.2011;4990
17.01.2011;4795
18.01.2011;4416
19.01.2011;4233
20.01.2011;4053
21.01.2011;3708
22.01.2011;3708
23.01.2011;3541
24.01.2011;3378
25.01.2011;3220
26.01.2011;3065
27.01.2011;3065
28.01.2011;4603
29.01.2011;7178
30.01.2011;8173
31.01.2011;7667
1.02.2011;6477
2.02.2011;5602
3.02.2011;4990
4.02.2011;4603
5.02.2011;4233
6.02.2011;4053
7.02.2011;3878
8.02.2011;3708
9.02.2011;3541
10.02.2011;3378
11.02.2011;3220
12.02.2011;3065
13.02.2011;2915
14.02.2011;2915
15.02.2011;5394
16.02.2011;12200
17.02.2011;12520
18.02.2011;12200
19.02.2011;11264
20.02.2011;9513
21.02.2011;8696
22.02.2011;7667
23.02.2011;6707
24.02.2011;5815
25.02.2011;5190
26.02.2011;4795
27.02.2011;4416
28.02.2011;4233
1.03.2011;4053
2.03.2011;3878
3.03.2011;3541
4.03.2011;3065
5.03.2011;3065
6.03.2011;2915
7.03.2011;2768
8.03.2011;2768
9.03.2011;3220
10.03.2011;6477
11.03.2011;7178
12.03.2011;8173
13.03.2011;8432
14.03.2011;9513
15.03.2011;12200
16.03.2011;11264
17.03.2011;10079
18.03.2011;8964
19.03.2011;7667
20.03.2011;6252
21.03.2011;5602
22.03.2011;4990
23.03.2011;4603
24.03.2011;4233
25.03.2011;4053
26.03.2011;3708
27.03.2011;3541
28.03.2011;3220
29.03.2011;3065
30.03.2011;2915
31.03.2011;2768
1.04.2011;2626
2.04.2011;2487
3.04.2011;2487
4.04.2011;2353
5.04.2011;2096
6.04.2011;1973
7.04.2011;1854
8.04.2011;1740
9.04.2011;1740
10.04.2011;1629
11.04.2011;1522
12.04.2011;1358
13.04.2011;1358
14.04.2011;1296
15.04.2011;1234
16.04.2011;1234
17.04.2011;1173
18.04.2011;1113
19.04.2011;1054
20.04.2011;1054
21.04.2011;1054
22.04.2011;1629
23.04.2011;3541
24.04.2011;4795
25.04.2011;4990
26.04.2011;5815
27.04.2011;6252
28.04.2011;5815
29.04.2011;4795
30.04.2011;4603
1.05.2011;5815
2.05.2011;6252
3.05.2011;6031
4.05.2011;5815
5.05.2011;5602
6.05.2011;5394
7.05.2011;4990
8.05.2011;4416
9.05.2011;4053
10.05.2011;3541
11.05.2011;3220
12.05.2011;3065
13.05.2011;2768
14.05.2011;2487
15.05.2011;2353
16.05.2011;2222
17.05.2011;1973
18.05.2011;1854
19.05.2011;1740
20.05.2011;1740
21.05.2011;1522
22.05.2011;1522
23.05.2011;1296
24.05.2011;1234
25.05.2011;1173
26.05.2011;1173
27.05.2011;1113
28.05.2011;1054
29.05.2011;996
30.05.2011;1054
31.05.2011;1113
1.06.2011;1054
2.06.2011;939
3.06.2011;939
4.06.2011;883
5.06.2011;883
6.06.2011;827
7.06.2011;827
8.06.2011;827
9.06.2011;827
10.06.2011;773
11.06.2011;720
12.06.2011;668
13.06.2011;617
14.06.2011;617
15.06.2011;567
16.06.2011;567
17.06.2011;518
18.06.2011;518
19.06.2011;518
20.06.2011;518
21.06.2011;518
22.06.2011;471
23.06.2011;471
24.06.2011;471
25.06.2011;471
26.06.2011;471
27.06.2011;425
28.06.2011;425
29.06.2011;425
30.06.2011;425
1.07.2011;425
2.07.2011;425
3.07.2011;425
4.07.2011;425
5.07.2011;425
6.07.2011;425
7.07.2011;425
8.07.2011;425
9.07.2011;425
10.07.2011;425
11.07.2011;425
12.07.2011;425
13.07.2011;380
14.07.2011;380
15.07.2011;380
16.07.2011;380
17.07.2011;380
18.07.2011;380
19.07.2011;380
20.07.2011;380
21.07.2011;380
22.07.2011;337
23.07.2011;337
24.07.2011;337
25.07.2011;337
26.07.2011;295
27.07.2011;295
28.07.2011;295
29.07.2011;295
30.07.2011;295
31.07.2011;295
1.08.2011;255
2.08.2011;255
3.08.2011;255
4.08.2011;255
5.08.2011;255
6.08.2011;255
7.08.2011;255
8.08.2011;217
9.08.2011;217
10.08.2011;217
11.08.2011;217
12.08.2011;217
13.08.2011;217
14.08.2011;180
15.08.2011;180
16.08.2011;180
17.08.2011;180
18.08.2011;180
19.08.2011;180
20.08.2011;145
21.08.2011;145
22.08.2011;145
23.08.2011;145
24.08.2011;145
25.08.2011;145
26.08.2011;113
27.08.2011;113
28.08.2011;113
29.08.2011;113
30.08.2011;113
31.08.2011;113
1.09.2011;113
2.09.2011;145
3.09.2011;145
4.09.2011;113
5.09.2011;113
6.09.2011;113
7.09.2011;113
8.09.2011;113
9.09.2011;113
10.09.2011;83
11.09.2011;83
12.09.2011;83
13.09.2011;83
14.09.2011;83
15.09.2011;83
16.09.2011;83
17.09.2011;83
18.09.2011;83
19.09.2011;83
20.09.2011;83
21.09.2011;83
22.09.2011;83
23.09.2011;55
24.09.2011;83
25.09.2011;55
26.09.2011;55
27.09.2011;55
28.09.2011;55
29.09.2011;55
30.09.2011;55
1.10.2011;
2.10.2011;
3.10.2011;
4.10.2011;
5.10.2011;
6.10.2011;
7.10.2011;
8.10.2011;
9.10.2011;
10.10.2011;
11.10.2011;
12.10.2011;
13.10.2011;
14.10.2011;
15.10.2011;
16.10.2011;
17.10.2011;
18.10.2011;
19.10.2011;
20.10.2011;
21.10.2011;
22.10.2011;
23.10.2011;
24.10.2011;
25.10.2011;
26.10.2011;
27.10.2011;
28.10.2011;
29.10.2011;
30.10.2011;
31.10.2011;
1.11.2011;
2.11.2011;
3.11.2011;
4.11.2011;
5.11.2011;
6.11.2011;
7.11.2011;
8.11.2011;
9.11.2011;
10.11.2011;
11.11.2011;
12.11.2011;
13.11.2011;
14.11.2011;
15.11.2011;
16.11.2011;
17.11.2011;
18.11.2011;
19.11.2011;
20.11.2011;
21.11.2011;
22.11.2011;
23.11.2011;
24.11.2011;
25.11.2011;
26.11.2011;
27.11.2011;
28.11.2011;
29.11.2011;
30.11.2011;
1.12.2011;
2.12.2011;
3.12.2011;
4.12.2011;
5.12.2011;
6.12.2011;
7.12.2011;
8.12.2011;
9.12.2011;
10.12.2011;
11.12.2011;
12.12.2011;
13.12.2011;
14.12.2011;
15.12.2011;
16.12.2011;
17.12.2011;
18.12.2011;
19.12.2011;
20.12.2011;
21.12.2011;
22.12.2011;
23.12.2011;
24.12.2011;
25.12.2011;
26.12.2011;
27.12.2011;
28.12.2011;
29.12.2011;
30.12.2011;
31.12.2011;
1.01.2012;
2.01.2012;
3.01.2012;
4.01.2012;
5.01.2012;
6.01.2012;
7.01.2012;
8.01.2012;
9.01.2012;
10.01.2012;
11.01.2012;
12.01.2012;
13.01.2012;
14.01.2012;
15.01.2012;
16.01.2012;
17.01.2012;
18.01.2012;
19.01.2012;
20.01.2012;
21.01.2012;
22.01.2012;
23.01.2012;
24.01.2012;
25.01.2012;
26.01.2012;
27.01.2012;
28.01.2012;
29.01.2012;
30.01.2012;
31.01.2012;
1.02.2012;145
2.02.2012;145
3.02.2012;145
4.02.2012;145
5.02.2012;145
6.02.2012;145
7.02.2012;145
8.02.2012;145
9.02.2012;145
10.02.2012;145
11.02.2012;145
12.02.2012;145
13.02.2012;145
14.02.2012;145
15.02.2012;145
16.02.2012;145
17.02.2012;145
18.02.2012;145
19.02.2012;145
20.02.2012;113
21.02.2012;113
22.02.2012;113
23.02.2012;113
24.02.2012;145
25.02.2012;145
26.02.2012;145
27.02.2012;145
28.02.2012;145
29.02.2012;145
1.03.2012;145
2.03.2012;145
3.03.2012;113
4.03.2012;113
5.03.2012;113
6.03.2012;113
7.03.2012;113
8.03.2012;113
9.03.2012;113
10.03.2012;113
11.03.2012;113
12.03.2012;113
13.03.2012;113
14.03.2012;113
15.03.2012;113
16.03.2012;83
17.03.2012;83
18.03.2012;83
19.03.2012;83
20.03.2012;83
21.03.2012;83
22.03.2012;83
23.03.2012;83
24.03.2012;83
25.03.2012;83
26.03.2012;83
27.03.2012;83
28.03.2012;83
29.03.2012;83
30.03.2012;83
31.03.2012;83
1.04.2012;83
2.04.2012;83
3.04.2012;83
4.04.2012;83
5.04.2012;83
6.04.2012;113
7.04.2012;113
8.04.2012;113
9.04.2012;113
10.04.2012;113
11.04.2012;145
12.04.2012;113
13.04.2012;145
14.04.2012;113
15.04.2012;145
16.04.2012;295
17.04.2012;471
18.04.2012;471
19.04.2012;425
20.04.2012;380
21.04.2012;380
22.04.2012;337
23.04.2012;337
24.04.2012;337
25.04.2012;295
26.04.2012;295
27.04.2012;255
28.04.2012;255
29.04.2012;217
30.04.2012;255
1.05.2012;883
2.05.2012;1522
3.05.2012;1629
4.05.2012;1358
5.05.2012;1234
6.05.2012;1296
7.05.2012;6707
8.05.2012;6477
9.05.2012;4416
10.05.2012;6252
11.05.2012;3541
12.05.2012;2915
13.05.2012;2096
14.05.2012;1740
15.05.2012;1522
16.05.2012;1296
17.05.2012;1173
18.05.2012;1113
19.05.2012;1054
20.05.2012;996
21.05.2012;939
22.05.2012;883
23.05.2012;827
24.05.2012;773
25.05.2012;720
26.05.2012;668
27.05.2012;668
28.05.2012;617
29.05.2012;567
30.05.2012;567
31.05.2012;471
1.06.2012;425
2.06.2012;425
3.06.2012;380
4.06.2012;380
5.06.2012;337
6.06.2012;295
7.06.2012;295
8.06.2012;295
9.06.2012;255
10.06.2012;255
11.06.2012;255
12.06.2012;255
13.06.2012;255
14.06.2012;255
15.06.2012;255
16.06.2012;255
17.06.2012;255
18.06.2012;217
19.06.2012;217
20.06.2012;217
21.06.2012;217
22.06.2012;217
23.06.2012;217
24.06.2012;180
25.06.2012;180
26.06.2012;180
27.06.2012;180
28.06.2012;145
29.06.2012;145
30.06.2012;145
1.07.2012;145
2.07.2012;145
3.07.2012;113
4.07.2012;113
5.07.2012;113
6.07.2012;113
7.07.2012;113
8.07.2012;113
9.07.2012;113
10.07.2012;113
11.07.2012;113
12.07.2012;113
13.07.2012;113
14.07.2012;83
15.07.2012;83
16.07.2012;83
17.07.2012;83
18.07.2012;113
19.07.2012;83
20.07.2012;83
21.07.2012;83
22.07.2012;83
23.07.2012;113
24.07.2012;113
25.07.2012;113
26.07.2012;83
27.07.2012;83
28.07.2012;83
29.07.2012;113
30.07.2012;83
31.07.2012;55
1.08.2012;60
2.08.2012;60
3.08.2012;60
4.08.2012;60
5.08.2012;60
6.08.2012;60
7.08.2012;60
8.08.2012;60
9.08.2012;60
10.08.2012;60
11.08.2012;60
12.08.2012;60
13.08.2012;60
14.08.2012;30
15.08.2012;60
16.08.2012;60
17.08.2012;60
18.08.2012;60
19.08.2012;60
20.08.2012;60
21.08.2012;60
22.08.2012;60
23.08.2012;60
24.08.2012;60
25.08.2012;60
26.08.2012;60
27.08.2012;60
28.08.2012;30
29.08.2012;30
30.08.2012;30
31.08.2012;30
1.09.2012;30
2.09.2012;30
3.09.2012;60
4.09.2012;60
5.09.2012;30
6.09.2012;30
7.09.2012;30
8.09.2012;30
9.09.2012;30
10.09.2012;30
11.09.2012;10
12.09.2012;10
13.09.2012;10
14.09.2012;10
15.09.2012;10
16.09.2012;10
17.09.2012;10
18.09.2012;0
19.09.2012;0
20.09.2012;0
21.09.2012;0
22.09.2012;0
23.09.2012;0
24.09.2012;0
25.09.2012;0
26.09.2012;0
27.09.2012;0
28.09.2012;1170
29.09.2012;5390
30.09.2012;5600
1.10.2012;5394
2.10.2012;4795
3.10.2012;3708
4.10.2012;2626
5.10.2012;1629
6.10.2012;1173
7.10.2012;996
8.10.2012;827
9.10.2012;720
10.10.2012;668
11.10.2012;567
12.10.2012;518
13.10.2012;471
14.10.2012;425
15.10.2012;380
16.10.2012;380
17.10.2012;337
18.10.2012;337
19.10.2012;337
20.10.2012;295
21.10.2012;295
22.10.2012;295
23.10.2012;255
24.10.2012;255
25.10.2012;255
26.10.2012;939
27.10.2012;10663
28.10.2012;12845
29.10.2012;11264
30.10.2012;8964
31.10.2012;7420
1.11.2012;8173
2.11.2012;8696
3.11.2012;7667
4.11.2012;8432
5.11.2012;16341
6.11.2012;18654
7.11.2012;17094
8.11.2012;16715
9.11.2012;16715
10.11.2012;17865
11.11.2012;17477
12.11.2012;15971
13.11.2012;14190
14.11.2012;12520
15.11.2012;11264
16.11.2012;10079
17.11.2012;8696
18.11.2012;7667
19.11.2012;9513
20.11.2012;11264
21.11.2012;10961
22.11.2012;9794
23.11.2012;8173
24.11.2012;6940
25.11.2012;5815
26.11.2012;4795
27.11.2012;4233
28.11.2012;3878
29.11.2012;3541
30.11.2012;3378
1.12.2012;3065
2.12.2012;2768
3.12.2012;2487
4.12.2012;2353
5.12.2012;2096
6.12.2012;1854
7.12.2012;1854
8.12.2012;1740
9.12.2012;2768
10.12.2012;3708
11.12.2012;3708
12.12.2012;3378
13.12.2012;3065
14.12.2012;2768
15.12.2012;2487
16.12.2012;2353
17.12.2012;4603
18.12.2012;7420
19.12.2012;7178
20.12.2012;6707
21.12.2012;6031
22.12.2012;5190
23.12.2012;4233
24.12.2012;3378
25.12.2012;2915
26.12.2012;2626
27.12.2012;2487
28.12.2012;2353
29.12.2012;2096
30.12.2012;1973
31.12.2012;1854
1.01.2013;1740
2.01.2013;1629
3.01.2013;1522
4.01.2013;1358
5.01.2013;1296
6.01.2013;1296
7.01.2013;1234
8.01.2013;1173
9.01.2013;1173
10.01.2013;1113
11.01.2013;1113
12.01.2013;1054
13.01.2013;1054
14.01.2013;996
15.01.2013;996
16.01.2013;996
17.01.2013;939
18.01.2013;996
19.01.2013;1234
20.01.2013;3878
21.01.2013;12520
22.01.2013;12520
23.01.2013;12845
24.01.2013;11883
25.01.2013;11264
26.01.2013;10961
27.01.2013;10663
28.01.2013;10663
29.01.2013;10079
30.01.2013;9236
31.01.2013;8173
1.02.2013;7670
2.02.2013;6710
3.02.2013;5820
4.02.2013;4800
5.02.2013;4050
6.02.2013;3710
7.02.2013;3220
8.02.2013;2920
9.02.2013;2770
10.02.2013;2630
11.02.2013;2490
12.02.2013;2350
13.02.2013;2100
14.02.2013;1970
15.02.2013;1850
16.02.2013;1850
17.02.2013;1850
18.02.2013;1740
19.02.2013;1630
20.02.2013;1520
21.02.2013;1520
22.02.2013;6940
23.02.2013;9790
24.02.2013;10080
25.02.2013;16340
26.02.2013;15970
27.02.2013;13850
28.02.2013;11880
1.03.2013;10369
2.03.2013;8696
3.03.2013;7667
4.03.2013;7178
5.03.2013;6252
6.03.2013;5815
7.03.2013;7178
8.03.2013;16715
9.03.2013;21131
10.03.2013;24691
11.03.2013;22432
12.03.2013;20707
13.03.2013;19055
14.03.2013;18257
15.03.2013;18654
16.03.2013;17094
17.03.2013;14889
18.03.2013;11883
19.03.2013;11572
20.03.2013;15245
21.03.2013;14537
22.03.2013;12845
23.03.2013;11883
24.03.2013;12200
25.03.2013;12200
26.03.2013;11572
27.03.2013;11264
28.03.2013;10663
29.03.2013;10369
30.03.2013;11264
31.03.2013;11572
1.04.2013;13175
2.04.2013;12845
3.04.2013;11883
4.04.2013;11883
5.04.2013;13508
6.04.2013;13508
7.04.2013;12200
8.04.2013;11264
9.04.2013;10369
10.04.2013;9236
11.04.2013;8173
12.04.2013;7178
13.04.2013;6252
14.04.2013;5394
15.04.2013;4990
16.04.2013;4053
17.04.2013;3378
18.04.2013;3378
19.04.2013;3065
20.04.2013;2915
21.04.2013;2768
22.04.2013;2626
23.04.2013;2487
24.04.2013;2353
25.04.2013;2353
26.04.2013;2222
27.04.2013;2096
28.04.2013;1973
29.04.2013;1854
30.04.2013;1854
1.05.2013;1629
2.05.2013;1522
3.05.2013;1358
4.05.2013;1296
5.05.2013;1296
6.05.2013;1234
7.05.2013;1234
8.05.2013;1173
9.05.2013;1113
10.05.2013;1054
11.05.2013;1054
12.05.2013;996
13.05.2013;996
14.05.2013;939
15.05.2013;939
16.05.2013;939
17.05.2013;939
18.05.2013;939
19.05.2013;939
20.05.2013;939
21.05.2013;939
22.05.2013;939
23.05.2013;883
24.05.2013;827
25.05.2013;773
26.05.2013;773
27.05.2013;773
28.05.2013;720
29.05.2013;720
30.05.2013;720
31.05.2013;668
1.06.2013;668
2.06.2013;668
3.06.2013;617
4.06.2013;617
5.06.2013;567
6.06.2013;567
7.06.2013;567
8.06.2013;518
9.06.2013;518
10.06.2013;518
11.06.2013;518
12.06.2013;471
13.06.2013;471
14.06.2013;471
15.06.2013;471
16.06.2013;471
17.06.2013;471
18.06.2013;380
19.06.2013;380
20.06.2013;380
21.06.2013;380
22.06.2013;380
23.06.2013;380
24.06.2013;337
25.06.2013;337
26.06.2013;337
27.06.2013;337
28.06.2013;295
29.06.2013;295
30.06.2013;295
1.07.2013;295
2.07.2013;295
3.07.2013;255
4.07.2013;255
5.07.2013;255
6.07.2013;255
7.07.2013;255
8.07.2013;255
9.07.2013;255
10.07.2013;255
11.07.2013;255
12.07.2013;255
13.07.2013;255
14.07.2013;255
15.07.2013;255
16.07.2013;255
17.07.2013;255
18.07.2013;255
19.07.2013;255
20.07.2013;255
21.07.2013;255
22.07.2013;255
23.07.2013;217
24.07.2013;217
25.07.2013;217
26.07.2013;217
27.07.2013;217
28.07.2013;217
29.07.2013;217
30.07.2013;180
31.07.2013;145
1.08.2013;145
2.08.2013;145
3.08.2013;145
4.08.2013;145
5.08.2013;145
6.08.2013;145
7.08.2013;145
8.08.2013;145
9.08.2013;145
10.08.2013;145
11.08.2013;145
12.08.2013;145
13.08.2013;113
14.08.2013;113
15.08.2013;113
16.08.2013;113
17.08.2013;113
18.08.2013;113
19.08.2013;113
20.08.2013;113
21.08.2013;113
22.08.2013;113
23.08.2013;113
24.08.2013;113
25.08.2013;113
26.08.2013;113
27.08.2013;113
28.08.2013;113
29.08.2013;113
30.08.2013;83
31.08.2013;83
1.09.2013;113
2.09.2013;83
3.09.2013;83
4.09.2013;83
5.09.2013;83
6.09.2013;83
7.09.2013;83
8.09.2013;83
9.09.2013;83
10.09.2013;83
11.09.2013;83
12.09.2013;83
13.09.2013;83
14.09.2013;83
15.09.2013;83
16.09.2013;83
17.09.2013;83
18.09.2013;83
19.09.2013;83
20.09.2013;83
21.09.2013;83
22.09.2013;83
23.09.2013;83
24.09.2013;83
25.09.2013;83
26.09.2013;83
27.09.2013;83
28.09.2013;83
29.09.2013;83
30.09.2013;83
1.10.2013;83
2.10.2013;83
3.10.2013;83
4.10.2013;83
5.10.2013;83
6.10.2013;83
7.10.2013;83
8.10.2013;83
9.10.2013;83
10.10.2013;83
11.10.2013;83
12.10.2013;55
13.10.2013;55
14.10.2013;55
15.10.2013;55
16.10.2013;55
17.10.2013;55
18.10.2013;55
19.10.2013;55
20.10.2013;55
21.10.2013;55
22.10.2013;55
23.10.2013;55
24.10.2013;55
25.10.2013;55
26.10.2013;55
27.10.2013;55
28.10.2013;55
29.10.2013;83
30.10.2013;145
31.10.2013;145
1.11.2013;471
2.11.2013;471
3.11.2013;471
4.11.2013;471
5.11.2013;518
6.11.2013;471
7.11.2013;471
8.11.2013;471
9.11.2013;471
10.11.2013;471
11.11.2013;471
12.11.2013;471
13.11.2013;425
14.11.2013;471
15.11.2013;471
16.11.2013;471
17.11.2013;471
18.11.2013;471
19.11.2013;471
20.11.2013;425
21.11.2013;425
22.11.2013;471
23.11.2013;471
24.11.2013;471
25.11.2013;471
26.11.2013;425
27.11.2013;425
28.11.2013;425
29.11.2013;425
30.11.2013;425
1.12.2013;471
2.12.2013;471
3.12.2013;425
4.12.2013;425
5.12.2013;425
6.12.2013;425
7.12.2013;425
8.12.2013;425
9.12.2013;425
10.12.2013;425
11.12.2013;425
12.12.2013;425
13.12.2013;425
14.12.2013;425
15.12.2013;425
16.12.2013;471
17.12.2013;471
18.12.2013;471
19.12.2013;425
20.12.2013;471
21.12.2013;471
22.12.2013;471
23.12.2013;471
24.12.2013;471
25.12.2013;1113
26.12.2013;773
27.12.2013;668
28.12.2013;617
29.12.2013;567
30.12.2013;567
31.12.2013;567
1.01.2014;1522
2.01.2014;1296
3.01.2014;1173
4.01.2014;1358
5.01.2014;2487
6.01.2014;2626
7.01.2014;2353
8.01.2014;2096
9.01.2014;1854
10.01.2014;1629
11.01.2014;1358
12.01.2014;1234
13.01.2014;1173
14.01.2014;1054
15.01.2014;996
16.01.2014;996
17.01.2014;996
18.01.2014;2487
19.01.2014;7420
20.01.2014;10079
21.01.2014;8696
22.01.2014;6940
23.01.2014;6477
24.01.2014;5815
25.01.2014;4990
26.01.2014;4233
27.01.2014;3220
28.01.2014;2915
29.01.2014;2626
30.01.2014;2626
31.01.2014;2353
1.02.2014;2222
2.02.2014;2487
3.02.2014;2768
4.02.2014;2487
5.02.2014;3220
6.02.2014;7918
7.02.2014;9513
8.02.2014;9513
9.02.2014;12200
10.02.2014;19872
11.02.2014;17094
12.02.2014;15971
13.02.2014;15606
14.02.2014;15245
15.02.2014;14190
16.02.2014;11883
17.02.2014;10079
18.02.2014;8964
19.02.2014;7918
20.02.2014;7178
21.02.2014;6707
22.02.2014;6477
23.02.2014;5602
24.02.2014;4795
25.02.2014;4416
26.02.2014;3878
27.02.2014;3065
28.02.2014;2626
1.03.2014;2487
2.03.2014;2353
3.03.2014;3378
4.03.2014;4603
5.03.2014;4416
6.03.2014;3878
7.03.2014;2915
8.03.2014;2487
9.03.2014;2096
10.03.2014;1973
11.03.2014;1854
12.03.2014;1740
13.03.2014;1740
14.03.2014;1629
15.03.2014;1522
16.03.2014;1358
17.03.2014;1296
18.03.2014;1234
19.03.2014;1173
20.03.2014;1173
21.03.2014;1113
22.03.2014;1054
23.03.2014;1054
24.03.2014;996
25.03.2014;996
26.03.2014;939
27.03.2014;939
28.03.2014;939
29.03.2014;1113
30.03.2014;1296
31.03.2014;1296
1.04.2014;1234
2.04.2014;1296
3.04.2014;3065
4.04.2014;5190
5.04.2014;5394
6.04.2014;4795
7.04.2014;3708
8.04.2014;3065
9.04.2014;2768
10.04.2014;2353
11.04.2014;2096
12.04.2014;1973
13.04.2014;1740
14.04.2014;1629
15.04.2014;1522
16.04.2014;1296
17.04.2014;1234
18.04.2014;1173
19.04.2014;1173
20.04.2014;1173
21.04.2014;2096
22.04.2014;6252
23.04.2014;7420
24.04.2014;6031
25.04.2014;4603
26.04.2014;3378
27.04.2014;2915
28.04.2014;2487
29.04.2014;2487
30.04.2014;2487
1.05.2014;2222
2.05.2014;2096
3.05.2014;1973
4.05.2014;1740
5.05.2014;1629
6.05.2014;1522
7.05.2014;1358
8.05.2014;1296
9.05.2014;1296
10.05.2014;1234
11.05.2014;1173
12.05.2014;1113
13.05.2014;1113
14.05.2014;1054
15.05.2014;996
16.05.2014;996
17.05.2014;939
18.05.2014;883
19.05.2014;883
20.05.2014;827
21.05.2014;827
22.05.2014;827
23.05.2014;773
24.05.2014;720
25.05.2014;720
26.05.2014;668
27.05.2014;617
28.05.2014;617
29.05.2014;567
30.05.2014;567
31.05.2014;567
1.06.2014;567
2.06.2014;567
3.06.2014;567
4.06.2014;567
5.06.2014;567
6.06.2014;567
7.06.2014;518
8.06.2014;518
9.06.2014;518
10.06.2014;518
11.06.2014;518
12.06.2014;518
13.06.2014;471
14.06.2014;471
15.06.2014;471
16.06.2014;471
17.06.2014;471
18.06.2014;425
19.06.2014;425
20.06.2014;425
21.06.2014;425
22.06.2014;425
23.06.2014;425
24.06.2014;425
25.06.2014;425
26.06.2014;425
27.06.2014;425
28.06.2014;425
29.06.2014;425
30.06.2014;425
1.07.2014;425
2.07.2014;425
3.07.2014;425
4.07.2014;425
5.07.2014;380
6.07.2014;380
7.07.2014;380
8.07.2014;380
9.07.2014;380
10.07.2014;380
11.07.2014;337
12.07.2014;337
13.07.2014;337
14.07.2014;337
15.07.2014;337
16.07.2014;337
17.07.2014;337
18.07.2014;337
19.07.2014;337
20.07.2014;337
21.07.2014;337
22.07.2014;337
23.07.2014;337
24.07.2014;337
25.07.2014;337
26.07.2014;337
27.07.2014;337
28.07.2014;337
29.07.2014;295
30.07.2014;295
31.07.2014;295
1.08.2014;295
2.08.2014;337
3.08.2014;295
4.08.2014;295
5.08.2014;295
6.08.2014;295
7.08.2014;295
8.08.2014;295
9.08.2014;295
10.08.2014;295
11.08.2014;295
12.08.2014;255
13.08.2014;255
14.08.2014;255
15.08.2014;255
16.08.2014;255
17.08.2014;255
18.08.2014;255
19.08.2014;255
20.08.2014;255
21.08.2014;255
22.08.2014;255
23.08.2014;255
24.08.2014;255
25.08.2014;255
26.08.2014;255
27.08.2014;255
28.08.2014;255
29.08.2014;217
30.08.2014;217
31.08.2014;217
1.09.2014;217
2.09.2014;217
3.09.2014;217
4.09.2014;217
5.09.2014;217
6.09.2014;217
7.09.2014;217
8.09.2014;217
9.09.2014;217
10.09.2014;217
11.09.2014;217
12.09.2014;217
13.09.2014;217
14.09.2014;180
15.09.2014;180
16.09.2014;217
17.09.2014;217
18.09.2014;255
19.09.2014;255
20.09.2014;255
21.09.2014;255
22.09.2014;255
23.09.2014;255
24.09.2014;255
25.09.2014;255
26.09.2014;255
27.09.2014;1113
28.09.2014;3378
29.09.2014;3878
30.09.2014;2768
1.10.2014;1740
2.10.2014;1234
3.10.2014;1054
4.10.2014;939
5.10.2014;827
6.10.2014;720
7.10.2014;668
8.10.2014;617
9.10.2014;567
10.10.2014;567
11.10.2014;518
12.10.2014;827
13.10.2014;996
14.10.2014;1854
15.10.2014;2915
16.10.2014;2222
17.10.2014;1740
18.10.2014;1358
19.10.2014;1173
20.10.2014;1054
21.10.2014;939
22.10.2014;883
23.10.2014;827
24.10.2014;773
25.10.2014;720
26.10.2014;720
27.10.2014;668
28.10.2014;668
29.10.2014;617
30.10.2014;617
31.10.2014;567
1.11.2014;567
2.11.2014;518
3.11.2014;518
4.11.2014;668
5.11.2014;939
6.11.2014;939
7.11.2014;939
8.11.2014;939
9.11.2014;1234
10.11.2014;1973
11.11.2014;3708
12.11.2014;7178
13.11.2014;6707
14.11.2014;9513
15.11.2014;13847
16.11.2014;12200
17.11.2014;10369
18.11.2014;8173
19.11.2014;6031
20.11.2014;4795
21.11.2014;3878
22.11.2014;3378
23.11.2014;3065
24.11.2014;2626
25.11.2014;2353
26.11.2014;2096
27.11.2014;6031
28.11.2014;19461
29.11.2014;19872
30.11.2014;17094
1.12.2014;14537
2.12.2014;12200
3.12.2014;9794
4.12.2014;8173
5.12.2014;6477
6.12.2014;4990
7.12.2014;4233
8.12.2014;3878
9.12.2014;3708
10.12.2014;3065
11.12.2014;2915
12.12.2014;2768
13.12.2014;2487
14.12.2014;3708
15.12.2014;5602
16.12.2014;5815
17.12.2014;5190
18.12.2014;4416
19.12.2014;4053
20.12.2014;3708
21.12.2014;3378
22.12.2014;2915
23.12.2014;2915
24.12.2014;2626
25.12.2014;2353
26.12.2014;2222
27.12.2014;2096
28.12.2014;1973
29.12.2014;1854
30.12.2014;1740
31.12.2014;1629
1.01.2015;1522
2.01.2015;1358
3.01.2015;1296
4.01.2015;1234
5.01.2015;1173
6.01.2015;1173
7.01.2015;1113
8.01.2015;1054
9.01.2015;1054
10.01.2015;996
11.01.2015;939
12.01.2015;939
13.01.2015;883
14.01.2015;883
15.01.2015;827
16.01.2015;827
17.01.2015;827
18.01.2015;996
19.01.2015;4603
20.01.2015;7178
21.01.2015;7420
22.01.2015;7178
23.01.2015;6252
24.01.2015;5394
25.01.2015;4416
26.01.2015;4053
27.01.2015;3708
28.01.2015;3220
29.01.2015;3065
30.01.2015;2768
31.01.2015;4053
1.02.2015;8173
2.02.2015;7918
3.02.2015;7420
4.02.2015;6477
5.02.2015;6031
6.02.2015;5190
7.02.2015;4233
8.02.2015;3878
9.02.2015;3541
10.02.2015;3378
11.02.2015;3065
12.02.2015;3065
13.02.2015;3065
14.02.2015;3220
15.02.2015;3220
16.02.2015;3220
17.02.2015;3220
18.02.2015;3708
19.02.2015;4053
20.02.2015;4053
21.02.2015;3878
22.02.2015;3708
23.02.2015;3220
24.02.2015;3065
25.02.2015;2768
26.02.2015;2487
27.02.2015;2353
28.02.2015;2222
1.03.2015;2096
2.03.2015;1854
3.03.2015;1740
4.03.2015;1629
5.03.2015;1629
6.03.2015;1522
7.03.2015;1358
8.03.2015;1296
9.03.2015;1296
10.03.2015;1234
11.03.2015;1173
12.03.2015;1173
13.03.2015;1113
14.03.2015;1113
15.03.2015;1054
16.03.2015;1054
17.03.2015;996
18.03.2015;1054
19.03.2015;1113
20.03.2015;3708
21.03.2015;5602
22.03.2015;7667
23.03.2015;13508
24.03.2015;12520
25.03.2015;10961
26.03.2015;9236
27.03.2015;7178
28.03.2015;5602
29.03.2015;4795
30.03.2015;4233
31.03.2015;3878
1.04.2015;3378
2.04.2015;3220
3.04.2015;2915
4.04.2015;2626
5.04.2015;2487
6.04.2015;2353
7.04.2015;2222
8.04.2015;2096
9.04.2015;1854
10.04.2015;1740
11.04.2015;1629
12.04.2015;1522
13.04.2015;1522
14.04.2015;1358
15.04.2015;1296
16.04.2015;1296
17.04.2015;1234
18.04.2015;1173
19.04.2015;1173
20.04.2015;1113
21.04.2015;1054
22.04.2015;1054
23.04.2015;996
24.04.2015;939
25.04.2015;939
26.04.2015;939
27.04.2015;1113
28.04.2015;1173
29.04.2015;1173
30.04.2015;1113
1.05.2015;1113
2.05.2015;1054
3.05.2015;1054
4.05.2015;996
5.05.2015;996
6.05.2015;939
7.05.2015;883
8.05.2015;827
9.05.2015;827
10.05.2015;773
11.05.2015;720
12.05.2015;720
13.05.2015;720
14.05.2015;668
15.05.2015;668
16.05.2015;668
17.05.2015;668
18.05.2015;668
19.05.2015;668
20.05.2015;617
21.05.2015;617
22.05.2015;617
23.05.2015;617
24.05.2015;617
25.05.2015;617
26.05.2015;567
27.05.2015;567
28.05.2015;567
29.05.2015;567
30.05.2015;567
31.05.2015;567
1.06.2015;567
2.06.2015;518
3.06.2015;518
4.06.2015;518
5.06.2015;518
6.06.2015;518
7.06.2015;518
8.06.2015;518
9.06.2015;518
10.06.2015;518
11.06.2015;518
12.06.2015;518
13.06.2015;518
14.06.2015;518
15.06.2015;518
16.06.2015;518
17.06.2015;518
18.06.2015;471
19.06.2015;471
20.06.2015;471
21.06.2015;471
22.06.2015;471
23.06.2015;471
24.06.2015;471
25.06.2015;471
26.06.2015;425
27.06.2015;425
28.06.2015;425
29.06.2015;425
30.06.2015;425
1.07.2015;425
2.07.2015;425
3.07.2015;425
4.07.2015;425
5.07.2015;425
6.07.2015;380
7.07.2015;380
8.07.2015;380
9.07.2015;380
10.07.2015;380
11.07.2015;380
12.07.2015;380
13.07.2015;380
14.07.2015;380
15.07.2015;380
16.07.2015;380
17.07.2015;380
18.07.2015;380
19.07.2015;337
20.07.2015;337
21.07.2015;337
22.07.2015;337
23.07.2015;337
24.07.2015;337
25.07.2015;295
26.07.2015;295
27.07.2015;295
28.07.2015;295
29.07.2015;295
30.07.2015;295
31.07.2015;295
1.08.2015;255
2.08.2015;255
3.08.2015;255
4.08.2015;255
5.08.2015;255
6.08.2015;255
7.08.2015;255
8.08.2015;255
9.08.2015;255
10.08.2015;255
11.08.2015;255
12.08.2015;255
13.08.2015;255
14.08.2015;255
15.08.2015;255
16.08.2015;255
17.08.2015;255
18.08.2015;255
19.08.2015;255
20.08.2015;217
21.08.2015;217
22.08.2015;217
23.08.2015;217
24.08.2015;217
25.08.2015;217
26.08.2015;255
27.08.2015;255
28.08.2015;255
29.08.2015;255
30.08.2015;255
31.08.2015;255
1.09.2015;217
2.09.2015;217
3.09.2015;217
4.09.2015;217
5.09.2015;217
6.09.2015;217
7.09.2015;255
8.09.2015;255
9.09.2015;255
10.09.2015;255
11.09.2015;255
12.09.2015;255
13.09.2015;255
14.09.2015;255
15.09.2015;255
16.09.2015;255
17.09.2015;255
18.09.2015;255
19.09.2015;255
20.09.2015;255
21.09.2015;255
22.09.2015;217
23.09.2015;217
24.09.2015;217
25.09.2015;217
26.09.2015;217
27.09.2015;217
28.09.2015;217
29.09.2015;217
30.09.2015;217
1.10.2015;217
2.10.2015;217
3.10.2015;217
4.10.2015;217
5.10.2015;217
6.10.2015;217
7.10.2015;217
8.10.2015;217
9.10.2015;217
10.10.2015;217
11.10.2015;217
12.10.2015;255
13.10.2015;255
14.10.2015;295
15.10.2015;295
16.10.2015;255
17.10.2015;295
18.10.2015;939
19.10.2015;4990
20.10.2015;5190
21.10.2015;4416
22.10.2015;3378
23.10.2015;2487
24.10.2015;1854
25.10.2015;1522
26.10.2015;1234
27.10.2015;1234
28.10.2015;1854
29.10.2015;2096
30.10.2015;1854
31.10.2015;1629
1.11.2015;1522
2.11.2015;5190
3.11.2015;10369
4.11.2015;10961
5.11.2015;9236
6.11.2015;7667
7.11.2015;6031
8.11.2015;4990
9.11.2015;4233
10.11.2015;3378
11.11.2015;3065
12.11.2015;2626
13.11.2015;2353
14.11.2015;1973
15.11.2015;1854
16.11.2015;1629
17.11.2015;1522
18.11.2015;1296
19.11.2015;1234
20.11.2015;1113
21.11.2015;1054
22.11.2015;1054
23.11.2015;996
24.11.2015;939
25.11.2015;883
26.11.2015;827
27.11.2015;827
28.11.2015;827
29.11.2015;773
30.11.2015;773
1.12.2015;720
2.12.2015;720
3.12.2015;668
4.12.2015;668
5.12.2015;668
6.12.2015;668
7.12.2015;668
8.12.2015;617
9.12.2015;617
10.12.2015;617
11.12.2015;617
12.12.2015;617
13.12.2015;617
14.12.2015;567
15.12.2015;567
16.12.2015;567
17.12.2015;567
18.12.2015;518
19.12.2015;518
20.12.2015;518
21.12.2015;518
22.12.2015;518
23.12.2015;518
24.12.2015;518
25.12.2015;471
26.12.2015;471
27.12.2015;471
28.12.2015;471
29.12.2015;471
30.12.2015;471
31.12.2015;471
1.01.2016;471
2.01.2016;471
3.01.2016;471
4.01.2016;518
5.01.2016;1522
6.01.2016;3378
7.01.2016;3065
8.01.2016;2626
9.01.2016;2353
10.01.2016;2222
11.01.2016;2353
12.01.2016;4795
13.01.2016;6031
14.01.2016;4990
15.01.2016;4053
16.01.2016;3541
17.01.2016;3065
18.01.2016;2768
19.01.2016;2487
20.01.2016;2222
21.01.2016;2096
22.01.2016;1854
23.01.2016;1740
24.01.2016;1629
25.01.2016;1522
26.01.2016;1358
27.01.2016;1296
28.01.2016;1296
29.01.2016;1234
30.01.2016;2096
31.01.2016;2915
1.02.2016;2915
2.02.2016;2626
3.02.2016;2353
4.02.2016;2096
5.02.2016;1854
6.02.2016;1740
7.02.2016;1629
8.02.2016;1522
9.02.2016;1358
10.02.2016;1358
11.02.2016;1740
12.02.2016;3541
13.02.2016;6031
14.02.2016;8964
15.02.2016;11572
16.02.2016;10961
17.02.2016;9513
18.02.2016;8696
19.02.2016;7420
20.02.2016;6252
21.02.2016;4990
22.02.2016;4233
23.02.2016;3708
24.02.2016;3541
25.02.2016;3378
26.02.2016;3220
27.02.2016;3878
28.02.2016;4990
29.02.2016;4990
1.03.2016;4795
2.03.2016;4416
3.03.2016;3878
4.03.2016;3541
5.03.2016;3541
6.03.2016;3220
7.03.2016;2915
8.03.2016;2768
9.03.2016;2626
10.03.2016;2353
11.03.2016;2222
12.03.2016;2096
13.03.2016;1973
14.03.2016;1854
15.03.2016;1740
16.03.2016;1629
17.03.2016;1522
18.03.2016;1522
19.03.2016;1358
20.03.2016;1358
21.03.2016;1358
22.03.2016;1629
23.03.2016;1740
24.03.2016;1973
25.03.2016;1854
26.03.2016;1854
27.03.2016;1740
28.03.2016;1629
29.03.2016;1629
30.03.2016;1522
31.03.2016;1522
1.04.2016;1358
2.04.2016;1296
3.04.2016;1296
4.04.2016;1522
5.04.2016;6252
6.04.2016;8432
7.04.2016;6940
8.04.2016;5602
9.04.2016;4416
10.04.2016;3541
11.04.2016;3378
12.04.2016;3378
13.04.2016;4233
14.04.2016;4795
15.04.2016;4795
16.04.2016;4233
17.04.2016;3708
18.04.2016;3541
19.04.2016;3541
20.04.2016;4416
21.04.2016;5602
22.04.2016;5815
23.04.2016;5394
24.04.2016;4795
25.04.2016;4416
26.04.2016;3708
27.04.2016;3541
28.04.2016;3220
29.04.2016;2915
30.04.2016;2768
1.05.2016;2487
2.05.2016;2353
3.05.2016;2222
4.05.2016;2096
5.05.2016;1973
6.05.2016;1854
7.05.2016;1854
8.05.2016;2222
9.05.2016;4990
10.05.2016;6940
11.05.2016;8173
12.05.2016;11883
13.05.2016;14889
14.05.2016;14537
15.05.2016;12520
16.05.2016;10663
17.05.2016;8696
18.05.2016;6940
19.05.2016;5602
20.05.2016;4990
21.05.2016;4416
22.05.2016;3878
23.05.2016;3541
24.05.2016;3378
25.05.2016;3220
26.05.2016;2915
27.05.2016;2768
28.05.2016;2487
29.05.2016;2353
30.05.2016;2222
31.05.2016;2096
1.06.2016;1854
2.06.2016;2096
3.06.2016;2915
4.06.2016;2626
5.06.2016;2626
6.06.2016;2487
7.06.2016;2353
8.06.2016;2222
9.06.2016;2222
10.06.2016;2096
11.06.2016;1973
12.06.2016;1854
13.06.2016;1854
14.06.2016;1740
15.06.2016;1629
16.06.2016;1522
17.06.2016;1358
18.06.2016;1296
19.06.2016;1234
20.06.2016;1234
21.06.2016;1173
22.06.2016;1113
23.06.2016;1113
24.06.2016;1054
25.06.2016;1054
26.06.2016;1054
27.06.2016;996
28.06.2016;996
29.06.2016;996
30.06.2016;939
1.07.2016;939
2.07.2016;939
3.07.2016;939
4.07.2016;883
5.07.2016;883
6.07.2016;883
7.07.2016;883
8.07.2016;883
9.07.2016;883
10.07.2016;883
11.07.2016;827
12.07.2016;827
13.07.2016;773
14.07.2016;773
15.07.2016;773
16.07.2016;827
17.07.2016;773
18.07.2016;773
19.07.2016;773
20.07.2016;773
21.07.2016;773
22.07.2016;720
23.07.2016;720
24.07.2016;720
25.07.2016;668
26.07.2016;668
27.07.2016;668
28.07.2016;668
29.07.2016;720
30.07.2016;720
31.07.2016;1054
1.08.2016;2096
2.08.2016;2096
3.08.2016;2096
4.08.2016;2096
5.08.2016;1973
6.08.2016;1973
7.08.2016;1973
8.08.2016;1854
9.08.2016;1854
10.08.2016;1854
11.08.2016;1740
12.08.2016;1358
13.08.2016;1358
14.08.2016;1358
15.08.2016;1296
16.08.2016;1296
17.08.2016;1296
18.08.2016;1296
19.08.2016;1234
20.08.2016;1173
21.08.2016;1234
22.08.2016;1234
23.08.2016;1234
24.08.2016;1296
25.08.2016;1296
26.08.2016;1234
27.08.2016;1234
28.08.2016;1234
29.08.2016;1173
30.08.2016;1113
31.08.2016;1113
1.09.2016;1113
2.09.2016;1113
3.09.2016;1113
4.09.2016;1054
5.09.2016;1173
6.09.2016;1522
7.09.2016;1358
8.09.2016;1296
9.09.2016;1234
10.09.2016;1173
11.09.2016;1173
12.09.2016;1234
13.09.2016;1234
14.09.2016;1296
15.09.2016;1296
16.09.2016;1234
17.09.2016;1234
18.09.2016;1234
19.09.2016;1234
20.09.2016;1173
21.09.2016;1113
22.09.2016;1113
23.09.2016;1113
24.09.2016;1113
25.09.2016;1054
26.09.2016;1054
27.09.2016;996
28.09.2016;996
29.09.2016;996
30.09.2016;996
1.10.2016;996
2.10.2016;996
3.10.2016;996
4.10.2016;996
5.10.2016;996
6.10.2016;1054
7.10.2016;996
8.10.2016;996
9.10.2016;996
10.10.2016;1113
11.10.2016;1113
12.10.2016;1113
13.10.2016;1234
14.10.2016;1296
15.10.2016;1234
16.10.2016;1173
17.10.2016;1113
18.10.2016;1113
19.10.2016;1054
20.10.2016;1054
21.10.2016;1054
22.10.2016;1054
23.10.2016;1296
24.10.2016;3065
25.10.2016;3541
26.10.2016;3065
27.10.2016;2768
28.10.2016;2487
29.10.2016;2353
30.10.2016;2222
31.10.2016;2096
1.11.2016;2096
2.11.2016;1973
3.11.2016;1973
4.11.2016;1854
5.11.2016;1854
6.11.2016;1854
7.11.2016;1973
8.11.2016;1854
9.11.2016;1854
10.11.2016;1740
11.11.2016;1740
12.11.2016;1740
13.11.2016;1740
14.11.2016;1740
15.11.2016;1629
16.11.2016;1629
17.11.2016;1629
18.11.2016;1522
19.11.2016;1522
20.11.2016;1522
21.11.2016;2915
22.11.2016;7178
23.11.2016;7918
24.11.2016;7420
25.11.2016;6707
26.11.2016;14537
27.11.2016;21131
28.11.2016;21994
29.11.2016;18257
30.11.2016;15606
1.12.2016;12845
2.12.2016;10663
3.12.2016;8964
4.12.2016;10961
5.12.2016;14190
6.12.2016;14889
7.12.2016;13508
8.12.2016;11572
9.12.2016;9794
10.12.2016;8696
11.12.2016;7667
12.12.2016;6940
13.12.2016;6477
14.12.2016;6031
15.12.2016;5602
16.12.2016;5394
17.12.2016;6031
18.12.2016;6031
19.12.2016;5815
20.12.2016;5602
21.12.2016;5190
22.12.2016;4990
23.12.2016;4603
24.12.2016;4416
25.12.2016;4233
26.12.2016;4053
27.12.2016;3878
28.12.2016;3708
29.12.2016;3541
30.12.2016;3378
31.12.2016;3220
1.01.2017;3220
2.01.2017;3065
3.01.2017;2915
4.01.2017;2768
5.01.2017;2768
6.01.2017;2626
7.01.2017;2487
8.01.2017;2487
9.01.2017;2353
10.01.2017;2353
11.01.2017;2222
12.01.2017;2096
13.01.2017;1973
14.01.2017;1854
15.01.2017;1740
16.01.2017;1740
17.01.2017;1629
18.01.2017;1629
19.01.2017;1522
20.01.2017;1522
21.01.2017;1522
22.01.2017;1522
23.01.2017;1358
24.01.2017;1358
25.01.2017;1358
26.01.2017;1358
27.01.2017;1740
28.01.2017;2768
29.01.2017;3220
30.01.2017;3065
31.01.2017;2915
1.02.2017;2768
2.02.2017;2626
3.02.2017;2626
4.02.2017;2626
5.02.2017;3220
6.02.2017;4603
7.02.2017;4795
8.02.2017;4416
9.02.2017;4053
10.02.2017;3541
11.02.2017;3541
12.02.2017;5190
13.02.2017;15606
14.02.2017;15971
15.02.2017;13847
16.02.2017;11572
17.02.2017;9794
18.02.2017;8173
19.02.2017;6940
20.02.2017;6477
21.02.2017;6252
22.02.2017;6031
23.02.2017;5602
24.02.2017;5190
25.02.2017;4795
26.02.2017;4416
27.02.2017;4233
28.02.2017;4053
1.03.2017;3708
2.03.2017;3541
3.03.2017;3378
4.03.2017;4990
5.03.2017;11883
6.03.2017;12520
7.03.2017;10961
8.03.2017;9236
9.03.2017;7667
10.03.2017;6477
11.03.2017;6031
12.03.2017;5394
13.03.2017;4990
14.03.2017;4795
15.03.2017;5190
16.03.2017;5602
17.03.2017;5394
18.03.2017;4990
19.03.2017;4603
20.03.2017;4416
21.03.2017;4053
22.03.2017;3878
23.03.2017;3708
24.03.2017;3541
25.03.2017;3378
26.03.2017;3220
27.03.2017;3220
28.03.2017;3065
29.03.2017;2915
30.03.2017;2768
31.03.2017;2768
1.04.2017;2626
2.04.2017;2626
3.04.2017;2487
4.04.2017;2353
5.04.2017;2353
6.04.2017;2222
7.04.2017;2096
8.04.2017;2096
9.04.2017;1973
10.04.2017;1973
11.04.2017;1854
12.04.2017;1740
13.04.2017;1740
14.04.2017;1629
15.04.2017;1522
16.04.2017;1296
17.04.2017;1234
18.04.2017;1054
19.04.2017;827
20.04.2017;827
21.04.2017;827
22.04.2017;827
23.04.2017;773
24.04.2017;773
25.04.2017;773
26.04.2017;773
27.04.2017;773
28.04.2017;773
29.04.2017;883
30.04.2017;996
1.05.2017;996
2.05.2017;996
3.05.2017;939
4.05.2017;939
5.05.2017;883
6.05.2017;883
7.05.2017;827
8.05.2017;827
9.05.2017;827
10.05.2017;827
11.05.2017;827
12.05.2017;939
13.05.2017;1234
14.05.2017;1296
15.05.2017;1173
16.05.2017;1113
17.05.2017;1054
18.05.2017;996
19.05.2017;939
20.05.2017;939
21.05.2017;827
22.05.2017;827
23.05.2017;773
24.05.2017;773
25.05.2017;720
26.05.2017;720
27.05.2017;720
28.05.2017;720
29.05.2017;720
30.05.2017;720
31.05.2017;720
1.06.2017;720
2.06.2017;720
3.06.2017;720
4.06.2017;720
5.06.2017;720
6.06.2017;720
7.06.2017;668
8.06.2017;668
9.06.2017;668
10.06.2017;668
11.06.2017;668
12.06.2017;668
13.06.2017;668
14.06.2017;668
15.06.2017;617
16.06.2017;617
17.06.2017;567
18.06.2017;567
19.06.2017;518
20.06.2017;518
21.06.2017;518
22.06.2017;180
23.06.2017;180
24.06.2017;180
25.06.2017;180
26.06.2017;230
27.06.2017;290
28.06.2017;350
29.06.2017;400
30.06.2017;471
1.07.2017;425
2.07.2017;380
3.07.2017;337
4.07.2017;337
5.07.2017;295
6.07.2017;295
7.07.2017;295
8.07.2017;295
9.07.2017;255
10.07.2017;255
11.07.2017;255
12.07.2017;255
13.07.2017;255
14.07.2017;255
15.07.2017;255
16.07.2017;217
17.07.2017;217
18.07.2017;217
19.07.2017;217
20.07.2017;217
21.07.2017;337
22.07.2017;1973
23.07.2017;2353
24.07.2017;2096
25.07.2017;1629
26.07.2017;1173
27.07.2017;1054
28.07.2017;939
29.07.2017;883
30.07.2017;827
31.07.2017;773
1.08.2017;720
2.08.2017;773
3.08.2017;1522
4.08.2017;2096
5.08.2017;1973
6.08.2017;1854
7.08.2017;1629
8.08.2017;1854
9.08.2017;1854
10.08.2017;1740
11.08.2017;1629
12.08.2017;1522
13.08.2017;1296
14.08.2017;1234
15.08.2017;1173
16.08.2017;1113
17.08.2017;996
18.08.2017;1054
19.08.2017;3378
20.08.2017;3878
21.08.2017;3708
22.08.2017;3378
23.08.2017;2915
24.08.2017;2626
25.08.2017;2353
26.08.2017;2096
27.08.2017;1973
28.08.2017;1973
29.08.2017;3065
30.08.2017;3541
31.08.2017;3541
1.09.2017;4416
2.09.2017;6940
3.09.2017;6707
4.09.2017;5602
5.09.2017;4603
6.09.2017;3878
7.09.2017;3378
8.09.2017;2915
9.09.2017;2768
10.09.2017;
11.09.2017;
12.09.2017;
13.09.2017;
14.09.2017;
15.09.2017;
16.09.2017;
17.09.2017;
18.09.2017;
19.09.2017;
20.09.2017;
21.09.2017;
22.09.2017;
23.09.2017;
24.09.2017;
25.09.2017;
26.09.2017;
27.09.2017;
28.09.2017;
29.09.2017;
30.09.2017;
1.10.2017;
2.10.2017;
3.10.2017;
4.10.2017;
5.10.2017;
6.10.2017;
7.10.2017;
8.10.2017;
9.10.2017;
10.10.2017;
11.10.2017;
12.10.2017;
13.10.2017;
14.10.2017;
15.10.2017;
16.10.2017;
17.10.2017;
18.10.2017;
19.10.2017;
20.10.2017;
21.10.2017;
22.10.2017;
23.10.2017;
24.10.2017;
25.10.2017;
26.10.2017;
27.10.2017;
28.10.2017;
29.10.2017;
30.10.2017;
31.10.2017;
1.11.2017;
2.11.2017;
3.11.2017;
4.11.2017;
5.11.2017;
6.11.2017;
7.11.2017;
8.11.2017;
9.11.2017;
10.11.2017;
11.11.2017;
12.11.2017;
13.11.2017;
14.11.2017;
15.11.2017;
16.11.2017;
17.11.2017;
18.11.2017;
19.11.2017;
20.11.2017;
21.11.2017;
22.11.2017;
23.11.2017;
24.11.2017;
25.11.2017;
26.11.2017;
27.11.2017;
28.11.2017;
29.11.2017;
30.11.2017;
1.12.2017;
2.12.2017;
3.12.2017;
4.12.2017;
5.12.2017;
6.12.2017;
7.12.2017;
8.12.2017;
9.12.2017;
10.12.2017;
11.12.2017;
12.12.2017;
13.12.2017;
14.12.2017;
15.12.2017;
16.12.2017;
17.12.2017;
18.12.2017;
19.12.2017;
20.12.2017;
21.12.2017;
22.12.2017;
23.12.2017;
24.12.2017;
25.12.2017;
26.12.2017;
27.12.2017;
28.12.2017;
29.12.2017;
30.12.2017;
31.12.2017;
1.01.2018;
2.01.2018;
3.01.2018;
4.01.2018;
5.01.2018;
6.01.2018;
7.01.2018;
8.01.2018;
9.01.2018;
10.01.2018;
11.01.2018;
12.01.2018;
13.01.2018;
14.01.2018;
15.01.2018;
16.01.2018;
17.01.2018;
18.01.2018;
19.01.2018;
20.01.2018;
21.01.2018;
22.01.2018;
23.01.2018;
24.01.2018;
25.01.2018;
26.01.2018;
27.01.2018;
28.01.2018;
29.01.2018;
30.01.2018;
31.01.2018;
1.02.2018;1054
2.02.2018;1054
3.02.2018;996
4.02.2018;939
5.02.2018;939
6.02.2018;883
7.02.2018;883
8.02.2018;827
9.02.2018;773
10.02.2018;773
11.02.2018;720
12.02.2018;668
13.02.2018;617
14.02.2018;617
15.02.2018;617
16.02.2018;567
17.02.2018;567
18.02.2018;567
19.02.2018;567
20.02.2018;518
21.02.2018;518
22.02.2018;518
23.02.2018;518
24.02.2018;518
25.02.2018;518
26.02.2018;518
27.02.2018;518
28.02.2018;1296
1.03.2018;15971
2.03.2018;29051
3.03.2018;28049
4.03.2018;26103
5.03.2018;26103
6.03.2018;23774
7.03.2018;20707
8.03.2018;24230
9.03.2018;23322
10.03.2018;21131
11.03.2018;20287
12.03.2018;19461
13.03.2018;
14.03.2018;
15.03.2018;
16.03.2018;
17.03.2018;
18.03.2018;
19.03.2018;
20.03.2018;
21.03.2018;
22.03.2018;
23.03.2018;
24.03.2018;
25.03.2018;
26.03.2018;
27.03.2018;
28.03.2018;
29.03.2018;
30.03.2018;
31.03.2018;
1.04.2018;
2.04.2018;
3.04.2018;
4.04.2018;
5.04.2018;
6.04.2018;
7.04.2018;
8.04.2018;
9.04.2018;
10.04.2018;
11.04.2018;
12.04.2018;
13.04.2018;
14.04.2018;
15.04.2018;
16.04.2018;
17.04.2018;
18.04.2018;
19.04.2018;
20.04.2018;
21.04.2018;
22.04.2018;
23.04.2018;
24.04.2018;
25.04.2018;
26.04.2018;
27.04.2018;
28.04.2018;
29.04.2018;
30.04.2018;
1.05.2018;3065
2.05.2018;2915
3.05.2018;2768
4.05.2018;2626
5.05.2018;2626
6.05.2018;2487
7.05.2018;2353
8.05.2018;2222
9.05.2018;1973
10.05.2018;1973
11.05.2018;1629
12.05.2018;1358
13.05.2018;1296
14.05.2018;1234
15.05.2018;1173
16.05.2018;1113
17.05.2018;1113
18.05.2018;1054
19.05.2018;996
20.05.2018;996
21.05.2018;939
22.05.2018;939
23.05.2018;939
24.05.2018;883
25.05.2018;827
26.05.2018;827
27.05.2018;773
28.05.2018;773
29.05.2018;720
30.05.2018;720
31.05.2018;668
1.06.2018;668
2.06.2018;617
3.06.2018;617
4.06.2018;567
5.06.2018;567
6.06.2018;567
7.06.2018;518
8.06.2018;518
9.06.2018;471
10.06.2018;471
11.06.2018;425
12.06.2018;425
13.06.2018;425
14.06.2018;380
15.06.2018;380
16.06.2018;380
17.06.2018;380
18.06.2018;380
19.06.2018;380
20.06.2018;380
21.06.2018;337
22.06.2018;337
23.06.2018;337
24.06.2018;337
25.06.2018;
26.06.2018;
27.06.2018;
28.06.2018;
29.06.2018;
30.06.2018;
1.07.2018;
2.07.2018;
3.07.2018;
4.07.2018;
5.07.2018;
6.07.2018;
7.07.2018;
8.07.2018;
9.07.2018;
10.07.2018;
11.07.2018;
12.07.2018;
13.07.2018;
14.07.2018;
15.07.2018;
16.07.2018;
17.07.2018;
18.07.2018;
19.07.2018;
20.07.2018;
21.07.2018;
22.07.2018;
23.07.2018;
24.07.2018;
25.07.2018;
26.07.2018;
27.07.2018;
28.07.2018;
29.07.2018;
30.07.2018;
31.07.2018;
1.08.2018;
2.08.2018;
3.08.2018;
4.08.2018;
5.08.2018;
6.08.2018;
7.08.2018;
8.08.2018;
9.08.2018;
10.08.2018;
11.08.2018;
12.08.2018;
13.08.2018;
14.08.2018;
15.08.2018;
16.08.2018;
17.08.2018;
18.08.2018;
19.08.2018;
20.08.2018;
21.08.2018;
22.08.2018;
23.08.2018;
24.08.2018;
25.08.2018;
26.08.2018;
27.08.2018;
28.08.2018;
29.08.2018;
30.08.2018;
31.08.2018;
1.09.2018;
2.09.2018;
3.09.2018;
4.09.2018;
5.09.2018;
6.09.2018;
7.09.2018;
8.09.2018;
9.09.2018;
10.09.2018;
11.09.2018;
12.09.2018;
13.09.2018;
14.09.2018;
15.09.2018;
16.09.2018;
17.09.2018;
18.09.2018;
19.09.2018;
20.09.2018;
21.09.2018;
22.09.2018;
23.09.2018;
24.09.2018;
25.09.2018;
26.09.2018;
27.09.2018;
28.09.2018;
29.09.2018;
30.09.2018;
1.10.2018;
2.10.2018;
3.10.2018;
4.10.2018;
5.10.2018;
6.10.2018;
7.10.2018;
8.10.2018;
9.10.2018;
10.10.2018;
11.10.2018;
12.10.2018;
13.10.2018;
14.10.2018;
15.10.2018;
16.10.2018;
17.10.2018;
18.10.2018;
19.10.2018;
20.10.2018;
21.10.2018;
22.10.2018;
23.10.2018;
24.10.2018;
25.10.2018;
26.10.2018;
27.10.2018;
28.10.2018;
29.10.2018;
30.10.2018;
31.10.2018;
1.11.2018;
2.11.2018;
3.11.2018;
4.11.2018;
5.11.2018;
6.11.2018;
7.11.2018;
8.11.2018;
9.11.2018;
10.11.2018;
11.11.2018;
12.11.2018;
13.11.2018;
14.11.2018;
15.11.2018;
16.11.2018;
17.11.2018;
18.11.2018;
19.11.2018;
20.11.2018;
21.11.2018;
22.11.2018;
23.11.2018;
24.11.2018;
25.11.2018;
26.11.2018;
27.11.2018;
28.11.2018;
29.11.2018;
30.11.2018;
1.12.2018;
2.12.2018;
3.12.2018;
4.12.2018;
5.12.2018;
6.12.2018;
7.12.2018;
8.12.2018;
9.12.2018;
10.12.2018;
11.12.2018;
12.12.2018;
13.12.2018;
14.12.2018;
15.12.2018;
16.12.2018;
17.12.2018;
18.12.2018;
19.12.2018;
20.12.2018;
21.12.2018;
22.12.2018;
23.12.2018;
24.12.2018;
25.12.2018;
26.12.2018;
27.12.2018;
28.12.2018;
29.12.2018;
30.12.2018;
31.12.2018;
1.01.2019;
2.01.2019;
3.01.2019;
4.01.2019;
5.01.2019;
6.01.2019;
7.01.2019;
8.01.2019;
9.01.2019;
10.01.2019;
11.01.2019;
12.01.2019;
13.01.2019;
14.01.2019;
15.01.2019;
16.01.2019;
17.01.2019;
18.01.2019;
19.01.2019;
20.01.2019;
21.01.2019;
22.01.2019;
23.01.2019;
24.01.2019;
25.01.2019;
26.01.2019;
27.01.2019;
28.01.2019;
29.01.2019;
30.01.2019;
31.01.2019;
1.02.2019;
2.02.2019;
3.02.2019;
4.02.2019;
5.02.2019;
6.02.2019;
7.02.2019;
8.02.2019;
9.02.2019;
10.02.2019;
11.02.2019;
12.02.2019;
13.02.2019;
14.02.2019;
15.02.2019;
16.02.2019;
17.02.2019;
18.02.2019;
19.02.2019;
20.02.2019;
21.02.2019;
22.02.2019;
23.02.2019;
24.02.2019;
25.02.2019;
26.02.2019;
27.02.2019;
28.02.2019;
1.03.2019;
2.03.2019;
3.03.2019;
4.03.2019;
5.03.2019;
6.03.2019;
7.03.2019;
8.03.2019;
9.03.2019;
10.03.2019;
11.03.2019;567
12.03.2019;617
13.03.2019;720
14.03.2019;773
15.03.2019;827
16.03.2019;883
17.03.2019;883
18.03.2019;883
19.03.2019;827
20.03.2019;617
21.03.2019;617
22.03.2019;617
23.03.2019;617
24.03.2019;617
25.03.2019;617
26.03.2019;617
27.03.2019;567
28.03.2019;567
29.03.2019;567
30.03.2019;567
31.03.2019;567
1.04.2019;567
2.04.2019;567
3.04.2019;567
4.04.2019;567
5.04.2019;567
6.04.2019;668
7.04.2019;883
8.04.2019;883
9.04.2019;668
10.04.2019;617
11.04.2019;617
12.04.2019;617
13.04.2019;617
14.04.2019;567
15.04.2019;567
16.04.2019;567
17.04.2019;518
18.04.2019;425
19.04.2019;380
20.04.2019;337
21.04.2019;380
22.04.2019;425
23.04.2019;425
24.04.2019;425
25.04.2019;567
26.04.2019;617
27.04.2019;425
28.04.2019;380
29.04.2019;380
30.04.2019;337
1.05.2019;295
2.05.2019;255
3.05.2019;255
4.05.2019;255
5.05.2019;255
6.05.2019;217
7.05.2019;255
8.05.2019;217
9.05.2019;255
10.05.2019;295
11.05.2019;337
12.05.2019;295
13.05.2019;295
14.05.2019;255
15.05.2019;295
16.05.2019;255
17.05.2019;295
18.05.2019;295
19.05.2019;295
20.05.2019;295
21.05.2019;295
22.05.2019;337
23.05.2019;337
24.05.2019;337
25.05.2019;337
26.05.2019;380
27.05.2019;380
28.05.2019;380
29.05.2019;471
30.05.2019;425
31.05.2019;425
1.06.2019;425
2.06.2019;380
3.06.2019;380
4.06.2019;380
5.06.2019;380
6.06.2019;380
7.06.2019;380
8.06.2019;380
9.06.2019;380
10.06.2019;380
11.06.2019;380
12.06.2019;380
13.06.2019;380
14.06.2019;425
15.06.2019;425
16.06.2019;471
17.06.2019;518
18.06.2019;471
19.06.2019;425
20.06.2019;425
21.06.2019;425
22.06.2019;471
23.06.2019;471
24.06.2019;471
25.06.2019;471
26.06.2019;471
27.06.2019;471
28.06.2019;471
29.06.2019;471
30.06.2019;471
1.07.2019;471
2.07.2019;471
3.07.2019;471
4.07.2019;425
5.07.2019;337
6.07.2019;295
7.07.2019;295
8.07.2019;295
9.07.2019;255
10.07.2019;255
11.07.2019;295
12.07.2019;337
13.07.2019;337
14.07.2019;380
15.07.2019;425
16.07.2019;425
17.07.2019;425
18.07.2019;425
19.07.2019;425
20.07.2019;425
21.07.2019;425
22.07.2019;425
23.07.2019;425
24.07.2019;425
25.07.2019;425
26.07.2019;425
27.07.2019;425
28.07.2019;425
29.07.2019;380
30.07.2019;425
31.07.2019;425
1.08.2019;425
2.08.2019;380
3.08.2019;380
4.08.2019;380
5.08.2019;380
6.08.2019;380
7.08.2019;380
8.08.2019;380
9.08.2019;380
10.08.2019;380
11.08.2019;380
12.08.2019;380
13.08.2019;380
14.08.2019;425
15.08.2019;425
16.08.2019;425
17.08.2019;471
18.08.2019;471
19.08.2019;471
20.08.2019;471
21.08.2019;471
22.08.2019;471
23.08.2019;518
24.08.2019;518
25.08.2019;518
26.08.2019;518
27.08.2019;518
28.08.2019;518
29.08.2019;518
30.08.2019;518
31.08.2019;518
1.09.2019;518
2.09.2019;518
3.09.2019;518
4.09.2019;518
5.09.2019;518
6.09.2019;518
7.09.2019;567
8.09.2019;567
9.09.2019;567
10.09.2019;567
11.09.2019;567
12.09.2019;567
13.09.2019;567
14.09.2019;720
15.09.2019;1629
16.09.2019;1973
17.09.2019;1522
18.09.2019;1173
19.09.2019;996
20.09.2019;883
21.09.2019;827
22.09.2019;773
23.09.2019;720
24.09.2019;720
25.09.2019;668
26.09.2019;668
27.09.2019;668
28.09.2019;617
29.09.2019;617
30.09.2019;617
1.10.2019;617
2.10.2019;617
3.10.2019;617
4.10.2019;617
5.10.2019;617
6.10.2019;617
7.10.2019;617
8.10.2019;617
9.10.2019;617
10.10.2019;617
11.10.2019;617
12.10.2019;617
13.10.2019;617
14.10.2019;617
15.10.2019;617
16.10.2019;617
17.10.2019;617
18.10.2019;567
19.10.2019;567
20.10.2019;617
21.10.2019;567
22.10.2019;567
23.10.2019;617
24.10.2019;617
25.10.2019;617
26.10.2019;617
27.10.2019;617
28.10.2019;567
29.10.2019;567
30.10.2019;567
31.10.2019;567
1.11.2019;617
2.11.2019;617
3.11.2019;773
4.11.2019;827
5.11.2019;827
6.11.2019;883
7.11.2019;883
8.11.2019;883
9.11.2019;939
10.11.2019;939
11.11.2019;883
12.11.2019;883
13.11.2019;883
14.11.2019;827
15.11.2019;939
16.11.2019;996
17.11.2019;
18.11.2019;
19.11.2019;
20.11.2019;
21.11.2019;
22.11.2019;
23.11.2019;
24.11.2019;
25.11.2019;
26.11.2019;
27.11.2019;
28.11.2019;
29.11.2019;
30.11.2019;
1.12.2019;
2.12.2019;
3.12.2019;
4.12.2019;
5.12.2019;
6.12.2019;
7.12.2019;
8.12.2019;
9.12.2019;
10.12.2019;
11.12.2019;
12.12.2019;
13.12.2019;
14.12.2019;
15.12.2019;
16.12.2019;
17.12.2019;
18.12.2019;
19.12.2019;
20.12.2019;
21.12.2019;
22.12.2019;
23.12.2019;
24.12.2019;
25.12.2019;
26.12.2019;
27.12.2019;
28.12.2019;
29.12.2019;
30.12.2019;
31.12.2019;
1.01.2020;
2.01.2020;
3.01.2020;
4.01.2020;
5.01.2020;
6.01.2020;
7.01.2020;
8.01.2020;
9.01.2020;
10.01.2020;
11.01.2020;
12.01.2020;
13.01.2020;
14.01.2020;
15.01.2020;
16.01.2020;
17.01.2020;
18.01.2020;
19.01.2020;
20.01.2020;
21.01.2020;
22.01.2020;
23.01.2020;
24.01.2020;
25.01.2020;
26.01.2020;
27.01.2020;
28.01.2020;10663
29.01.2020;9236
30.01.2020;7667
31.01.2020;6031
1.02.2020;5190
2.02.2020;4603
3.02.2020;4233
4.02.2020;3878
5.02.2020;3378
6.02.2020;3065
7.02.2020;2915
8.02.2020;2915
9.02.2020;2768
10.02.2020;2768
11.02.2020;2768
12.02.2020;2768
13.02.2020;2915
14.02.2020;2915
15.02.2020;2915
16.02.2020;2915
17.02.2020;2915
18.02.2020;2915
19.02.2020;2915
20.02.2020;3065
21.02.2020;3065
22.02.2020;3065
23.02.2020;3065
24.02.2020;3065
25.02.2020;3065
26.02.2020;3065
27.02.2020;3065
28.02.2020;3065
29.02.2020;3065
1.03.2020;3065
2.03.2020;3065
3.03.2020;3065
4.03.2020;3065
5.03.2020;3065
6.03.2020;3065
7.03.2020;3065
8.03.2020;3065
9.03.2020;3065
10.03.2020;3065
11.03.2020;3065
12.03.2020;3065
13.03.2020;3065
14.03.2020;3065
15.03.2020;3065
16.03.2020;3065
17.03.2020;3065
18.03.2020;2915
19.03.2020;2915
20.03.2020;2915
21.03.2020;2915
22.03.2020;2768
23.03.2020;2768
24.03.2020;2768
25.03.2020;2768
26.03.2020;2626
27.03.2020;2626
28.03.2020;2626
29.03.2020;2626
30.03.2020;2626
31.03.2020;2768
1.04.2020;4990
2.04.2020;5815
3.04.2020;6252
4.04.2020;6031
5.04.2020;5394
6.04.2020;4416
7.04.2020;3708
8.04.2020;3065
9.04.2020;2768
10.04.2020;2768
11.04.2020;2626
12.04.2020;2626
13.04.2020;2626
14.04.2020;2626
15.04.2020;2626
16.04.2020;2626
17.04.2020;2626
18.04.2020;2626
19.04.2020;2626
20.04.2020;2626
21.04.2020;2626
22.04.2020;3065
23.04.2020;3541
24.04.2020;3378
25.04.2020;3065
26.04.2020;2768
27.04.2020;2768
28.04.2020;2626
29.04.2020;2626
30.04.2020;2626
1.05.2020;2626
2.05.2020;2626
3.05.2020;2626
4.05.2020;2768
5.05.2020;2768
6.05.2020;2768
7.05.2020;2768
8.05.2020;2915
9.05.2020;2915
10.05.2020;2915
11.05.2020;2915
12.05.2020;2768
13.05.2020;2768
14.05.2020;2768
15.05.2020;2768
16.05.2020;2768
17.05.2020;2768
18.05.2020;3708
19.05.2020;4233
20.05.2020;3708
21.05.2020;3065
22.05.2020;
23.05.2020;
24.05.2020;
25.05.2020;
26.05.2020;
27.05.2020;
28.05.2020;
29.05.2020;
30.05.2020;
31.05.2020;
1.06.2020;
2.06.2020;
3.06.2020;
4.06.2020;
5.06.2020;
6.06.2020;
7.06.2020;
8.06.2020;
9.06.2020;
10.06.2020;
11.06.2020;
12.06.2020;
13.06.2020;
14.06.2020;
15.06.2020;
16.06.2020;
17.06.2020;
18.06.2020;
19.06.2020;
20.06.2020;
21.06.2020;
22.06.2020;
23.06.2020;
24.06.2020;
25.06.2020;
26.06.2020;
27.06.2020;
28.06.2020;
29.06.2020;
30.06.2020;
1.07.2020;
2.07.2020;
3.07.2020;
4.07.2020;
5.07.2020;
6.07.2020;
7.07.2020;
8.07.2020;
9.07.2020;
10.07.2020;
11.07.2020;
12.07.2020;
13.07.2020;
14.07.2020;
15.07.2020;
16.07.2020;
17.07.2020;
18.07.2020;
19.07.2020;
20.07.2020;
21.07.2020;
22.07.2020;
23.07.2020;
24.07.2020;
25.07.2020;
26.07.2020;
27.07.2020;
28.07.2020;
29.07.2020;
30.07.2020;
31.07.2020;
1.08.2020;
2.08.2020;
3.08.2020;
4.08.2020;
5.08.2020;
6.08.2020;
7.08.2020;
8.08.2020;
9.08.2020;
10.08.2020;295
11.08.2020;295
12.08.2020;295
13.08.2020;295
14.08.2020;295
15.08.2020;255
16.08.2020;255
17.08.2020;255
18.08.2020;255
19.08.2020;255
20.08.2020;255
21.08.2020;295
22.08.2020;295
23.08.2020;337
24.08.2020;337
25.08.2020;337
26.08.2020;337
27.08.2020;337
28.08.2020;337
29.08.2020;337
30.08.2020;337
31.08.2020;337
1.09.2020;337
2.09.2020;337
3.09.2020;337
4.09.2020;337
5.09.2020;337
6.09.2020;337
7.09.2020;337
8.09.2020;337
9.09.2020;337
10.09.2020;295
11.09.2020;295
12.09.2020;295
13.09.2020;295
14.09.2020;295
15.09.2020;295
16.09.2020;295
17.09.2020;295
18.09.2020;295
19.09.2020;295
20.09.2020;295
21.09.2020;255
22.09.2020;255
23.09.2020;295
24.09.2020;295
25.09.2020;255
26.09.2020;255
27.09.2020;255
28.09.2020;255
29.09.2020;255
30.09.2020;255
1.10.2020;255
2.10.2020;255
3.10.2020;295
4.10.2020;255
5.10.2020;255
6.10.2020;255
7.10.2020;255
8.10.2020;668
9.10.2020;720
10.10.2020;668
11.10.2020;668
12.10.2020;668
13.10.2020;668
14.10.2020;668
15.10.2020;668
16.10.2020;668
17.10.2020;668
18.10.2020;668
19.10.2020;668
20.10.2020;668
21.10.2020;720
22.10.2020;720
23.10.2020;773
24.10.2020;773
25.10.2020;773
26.10.2020;773
27.10.2020;773
28.10.2020;773
29.10.2020;773
30.10.2020;773
31.10.2020;773
1.11.2020;773
2.11.2020;773
3.11.2020;720
4.11.2020;773
5.11.2020;2768
6.11.2020;5602
7.11.2020;4990
8.11.2020;3878
9.11.2020;3220
10.11.2020;2626
11.11.2020;2222
12.11.2020;1973
13.11.2020;1740
14.11.2020;1522
15.11.2020;1358
16.11.2020;1296
17.11.2020;1234
18.11.2020;1234
19.11.2020;1173
20.11.2020;1173
21.11.2020;1113
22.11.2020;1113
23.11.2020;1054
24.11.2020;1054
25.11.2020;1054
26.11.2020;2353
27.11.2020;4990
28.11.2020;5190
29.11.2020;4603
30.11.2020;4053
1.12.2020;3708
2.12.2020;3378
3.12.2020;3220
4.12.2020;2915
5.12.2020;3378
6.12.2020;3541
7.12.2020;3541
8.12.2020;3708
9.12.2020;3878
10.12.2020;4053
11.12.2020;5815
12.12.2020;7178
13.12.2020;7178
14.12.2020;6940
15.12.2020;6940
16.12.2020;6707
17.12.2020;6707
18.12.2020;6707
19.12.2020;6252
20.12.2020;5394
21.12.2020;4416
22.12.2020;4233
23.12.2020;4053
24.12.2020;3708
25.12.2020;3541
26.12.2020;3220
27.12.2020;3065
28.12.2020;3065
29.12.2020;2915
30.12.2020;2915
31.12.2020;2915
1.01.2021;2915
2.01.2021;2915
3.01.2021;2915
4.01.2021;2915
5.01.2021;2915
6.01.2021;2915
7.01.2021;2915
8.01.2021;3378
9.01.2021;7178
10.01.2021;7918
11.01.2021;6940
12.01.2021;6031
13.01.2021;5190
14.01.2021;4603
15.01.2021;4233
16.01.2021;4053
17.01.2021;3708
18.01.2021;3220
19.01.2021;3065
20.01.2021;3220
21.01.2021;4990
22.01.2021;6031
23.01.2021;6940
24.01.2021;7667
25.01.2021;8432
26.01.2021;8964
27.01.2021;8432
28.01.2021;7918
29.01.2021;7918
30.01.2021;7178
31.01.2021;6477
1.02.2021;5815
2.02.2021;5394
3.02.2021;4795
4.02.2021;4053
5.02.2021;3878
6.02.2021;3708
7.02.2021;3708
8.02.2021;5190
9.02.2021;8173
10.02.2021;9513
11.02.2021;10961
12.02.2021;10079
13.02.2021;9236
14.02.2021;8173
15.02.2021;7420
16.02.2021;6940
17.02.2021;6252
18.02.2021;5602
19.02.2021;4795
20.02.2021;4233
21.02.2021;4053
22.02.2021;3708
23.02.2021;3541
24.02.2021;3378
25.02.2021;3220
26.02.2021;3065
27.02.2021;2915
28.02.2021;2768
1.03.2021;
2.03.2021;
3.03.2021;
4.03.2021;
5.03.2021;
6.03.2021;
7.03.2021;
8.03.2021;
9.03.2021;
10.03.2021;
11.03.2021;
12.03.2021;
13.03.2021;
14.03.2021;
15.03.2021;
16.03.2021;
17.03.2021;
18.03.2021;1206
19.03.2021;2086
20.03.2021;1986
21.03.2021;1854
22.03.2021;1746
23.03.2021;1636
24.03.2021;1501
25.03.2021;1399
26.03.2021;1342
27.03.2021;1292
28.03.2021;1237
29.03.2021;1219
30.03.2021;1174
31.03.2021;1148
1.04.2021;1113
2.04.2021;1086
3.04.2021;1045
4.04.2021;996
5.04.2021;990
6.04.2021;942
7.04.2021;936
8.04.2021;802
9.04.2021;695
10.04.2021;667
11.04.2021;645
12.04.2021;617
13.04.2021;567
14.04.2021;559
15.04.2021;535
16.04.2021;522
17.04.2021;518
18.04.2021;518
19.04.2021;508
20.04.2021;486
21.04.2021;473
22.04.2021;471
23.04.2021;471
24.04.2021;467
25.04.2021;466
26.04.2021;459
27.04.2021;499
28.04.2021;673
29.04.2021;669
30.04.2021;625
1.05.2021;589
2.05.2021;562
3.05.2021;547
4.05.2021;557
5.05.2021;520
6.05.2021;516
7.05.2021;493
8.05.2021;487
9.05.2021;479
10.05.2021;476
11.05.2021;471
12.05.2021;466
13.05.2021;449
14.05.2021;421
15.05.2021;418
16.05.2021;419
17.05.2021;409
18.05.2021;394
19.05.2021;387
20.05.2021;380
21.05.2021;376
22.05.2021;351
23.05.2021;352
24.05.2021;350
25.05.2021;346
26.05.2021;343
27.05.2021;339
28.05.2021;337
29.05.2021;337
30.05.2021;337
31.05.2021;327
1.06.2021;324
2.06.2021;319
3.06.2021;253
4.06.2021;225
5.06.2021;221
6.06.2021;225
7.06.2021;211
8.06.2021;193
9.06.2021;183
10.06.2021;191
11.06.2021;188
12.06.2021;184
13.06.2021;183
14.06.2021;182
15.06.2021;180
16.06.2021;180
17.06.2021;175
18.06.2021;168
19.06.2021;167
20.06.2021;166
21.06.2021;162
22.06.2021;160
23.06.2021;157
24.06.2021;153
25.06.2021;152
26.06.2021;150
27.06.2021;145
28.06.2021;145
29.06.2021;145
30.06.2021;145
1.07.2021;145
2.07.2021;144
3.07.2021;143
4.07.2021;141
5.07.2021;140
6.07.2021;130
7.07.2021;116
8.07.2021;115
9.07.2021;113
10.07.2021;113
11.07.2021;113
12.07.2021;113
13.07.2021;113
14.07.2021;113
15.07.2021;113
16.07.2021;113
17.07.2021;115
18.07.2021;113
19.07.2021;113
20.07.2021;113
21.07.2021;113
22.07.2021;113
23.07.2021;113
24.07.2021;113
25.07.2021;113
26.07.2021;113
27.07.2021;113
28.07.2021;113
29.07.2021;113
30.07.2021;113
31.07.2021;113
1.08.2021;113
2.08.2021;113
3.08.2021;113
4.08.2021;113
5.08.2021;113
6.08.2021;113
7.08.2021;113
8.08.2021;113
9.08.2021;113
10.08.2021;113
11.08.2021;113
12.08.2021;113
13.08.2021;113
14.08.2021;113
15.08.2021;113
16.08.2021;113
17.08.2021;113
18.08.2021;113
19.08.2021;113
20.08.2021;113
21.08.2021;113
22.08.2021;113
23.08.2021;113
24.08.2021;113
25.08.2021;113
26.08.2021;113
27.08.2021;113
28.08.2021;113
29.08.2021;108
30.08.2021;83
31.08.2021;83
1.09.2021;84
2.09.2021;83
3.09.2021;83
4.09.2021;108
5.09.2021;112
6.09.2021;97
7.09.2021;83
8.09.2021;83
9.09.2021;93
10.09.2021;83
11.09.2021;83
12.09.2021;83
13.09.2021;83
14.09.2021;97
15.09.2021;83
16.09.2021;83
17.09.2021;83
18.09.2021;83
19.09.2021;83
20.09.2021;63
21.09.2021;55
22.09.2021;55
23.09.2021;55
24.09.2021;70
25.09.2021;83
26.09.2021;82
27.09.2021;65
28.09.2021;55
29.09.2021;55
30.09.2021;55
1.10.2021;55
2.10.2021;55
3.10.2021;55
4.10.2021;55
5.10.2021;55
6.10.2021;55
7.10.2021;55
8.10.2021;55
9.10.2021;55
10.10.2021;55
11.10.2021;55
12.10.2021;55
13.10.2021;55
14.10.2021;55
15.10.2021;55
16.10.2021;55
17.10.2021;55
18.10.2021;55
19.10.2021;53
20.10.2021;48
21.10.2021;40
22.10.2021;32
23.10.2021;32
24.10.2021;32
25.10.2021;32
26.10.2021;47
27.10.2021;55
28.10.2021;55
29.10.2021;55
30.10.2021;74
31.10.2021;100
1.11.2021;98
2.11.2021;287
3.11.2021;403
4.11.2021;418
5.11.2021;369
6.11.2021;308
7.11.2021;268
8.11.2021;240
9.11.2021;214
10.11.2021;180
11.11.2021;147
12.11.2021;116
13.11.2021;110
14.11.2021;97
15.11.2021;85
16.11.2021;83
17.11.2021;83
18.11.2021;83
19.11.2021;83
20.11.2021;83
21.11.2021;83
22.11.2021;86
23.11.2021;101
24.11.2021;105
25.11.2021;87
26.11.2021;104
27.11.2021;104
28.11.2021;100
29.11.2021;92
30.11.2021;87
1.12.2021;85
2.12.2021;83
3.12.2021;83
4.12.2021;83
5.12.2021;83
6.12.2021;83
7.12.2021;83
8.12.2021;83
9.12.2021;116
10.12.2021;171
11.12.2021;188
12.12.2021;180
13.12.2021;176
14.12.2021;149
15.12.2021;140
16.12.2021;111
17.12.2021;101
18.12.2021;97
19.12.2021;92
20.12.2021;85
21.12.2021;85
22.12.2021;99
23.12.2021;124
24.12.2021;2269
25.12.2021;8117
26.12.2021;10762
27.12.2021;9969
28.12.2021;9043
29.12.2021;8078
30.12.2021;6889
31.12.2021;5375
1.01.2022;3893
2.01.2022;3143
3.01.2022;2771
4.01.2022;2437
5.01.2022;2158
6.01.2022;1889
7.01.2022;1709
8.01.2022;1426
9.01.2022;1251
10.01.2022;1156
11.01.2022;1091
12.01.2022;1017
13.01.2022;941
14.01.2022;883
15.01.2022;831
16.01.2022;770
17.01.2022;716
18.01.2022;660
19.01.2022;613
20.01.2022;548
21.01.2022;512
22.01.2022;471
23.01.2022;441
24.01.2022;423
25.01.2022;382
26.01.2022;371
27.01.2022;337
28.01.2022;323
29.01.2022;288
30.01.2022;275
31.01.2022;254
1.02.2022;248
2.02.2022;245
3.02.2022;238
4.02.2022;227
5.02.2022;217
6.02.2022;217
7.02.2022;217
8.02.2022;215
9.02.2022;210
10.02.2022;196
11.02.2022;188
12.02.2022;185
13.02.2022;185
14.02.2022;160
15.02.2022;141
16.02.2022;138
17.02.2022;136
18.02.2022;135
19.02.2022;131
20.02.2022;118
21.02.2022;115
22.02.2022;113
23.02.2022;113
24.02.2022;113
25.02.2022;113
26.02.2022;113
27.02.2022;112
28.02.2022;111
1.03.2022;108
2.03.2022;108
3.03.2022;107
4.03.2022;110
5.03.2022;108
6.03.2022;110
7.03.2022;103
8.03.2022;95
9.03.2022;100
10.03.2022;91
11.03.2022;101
12.03.2022;111
13.03.2022;137
14.03.2022;1923
15.03.2022;4927
16.03.2022;7829
17.03.2022;9301
18.03.2022;7976
19.03.2022;6089
20.03.2022;4721
21.03.2022;4870
22.03.2022;6170
23.03.2022;10618
24.03.2022;17674
25.03.2022;20030
26.03.2022;18071
27.03.2022;15304
28.03.2022;13595
29.03.2022;11382
30.03.2022;9713
31.03.2022;8287
1.04.2022;7152
2.04.2022;6249
3.04.2022;5578
4.04.2022;5081
5.04.2022;4984
6.04.2022;5753
7.04.2022;5935
8.04.2022;5529
9.04.2022;5095
10.04.2022;4761
11.04.2022;4258
12.04.2022;3888
13.04.2022;3523
14.04.2022;3286
15.04.2022;3052
16.04.2022;2753
17.04.2022;2541
18.04.2022;2372
19.04.2022;2126
20.04.2022;1908
21.04.2022;1780
22.04.2022;1650
23.04.2022;2511
24.04.2022;3661
25.04.2022;3833
26.04.2022;3512
27.04.2022;3266
28.04.2022;3002
29.04.2022;2659
30.04.2022;2425
1.05.2022;2198
2.05.2022;2008
3.05.2022;1942
4.05.2022;2005
5.05.2022;2240
6.05.2022;2351
7.05.2022;2251
8.05.2022;2064
9.05.2022;1889
10.05.2022;1745
11.05.2022;1603
12.05.2022;1446
13.05.2022;1329
14.05.2022;1262
15.05.2022;1188
16.05.2022;1125
17.05.2022;1068
18.05.2022;1003
19.05.2022;953
20.05.2022;914
21.05.2022;875
22.05.2022;829
23.05.2022;794
24.05.2022;767
25.05.2022;714
26.05.2022;668
27.05.2022;652
28.05.2022;617
29.05.2022;610
30.05.2022;568
31.05.2022;562
1.06.2022;519
2.06.2022;518
3.06.2022;506
4.06.2022;471
5.06.2022;471
6.06.2022;471
7.06.2022;466
8.06.2022;448
9.06.2022;429
10.06.2022;425
11.06.2022;423
12.06.2022;408
13.06.2022;390
14.06.2022;383
15.06.2022;275
16.06.2022;217
17.06.2022;217
18.06.2022;215
19.06.2022;203
20.06.2022;198
21.06.2022;199
22.06.2022;187
23.06.2022;185
24.06.2022;180
25.06.2022;178
26.06.2022;179
27.06.2022;176
28.06.2022;169
29.06.2022;173
30.06.2022;159
1.07.2022;159
2.07.2022;152
3.07.2022;148
4.07.2022;145
5.07.2022;145
6.07.2022;145
7.07.2022;141
8.07.2022;139
9.07.2022;139
10.07.2022;133
11.07.2022;117
12.07.2022;116
13.07.2022;115
14.07.2022;113
15.07.2022;135
16.07.2022;145
17.07.2022;145
18.07.2022;145
19.07.2022;144
20.07.2022;143
21.07.2022;141
22.07.2022;138
23.07.2022;133
24.07.2022;132
25.07.2022;122
26.07.2022;122
27.07.2022;122
28.07.2022;122
29.07.2022;121
30.07.2022;126
31.07.2022;115
1.08.2022;113
2.08.2022;113
3.08.2022;113
4.08.2022;110
5.08.2022;100
6.08.2022;99
7.08.2022;96
8.08.2022;95
9.08.2022;92
10.08.2022;90
11.08.2022;89
12.08.2022;88
13.08.2022;85
14.08.2022;84
15.08.2022;83
16.08.2022;83
17.08.2022;85
18.08.2022;87
19.08.2022;83
20.08.2022;83
21.08.2022;83
22.08.2022;83
23.08.2022;83
24.08.2022;83
25.08.2022;83
26.08.2022;83
27.08.2022;83
28.08.2022;83
29.08.2022;83
30.08.2022;79
31.08.2022;82
1.09.2022;80
2.09.2022;83
3.09.2022;83
4.09.2022;83
5.09.2022;83
6.09.2022;83
7.09.2022;83
8.09.2022;83
9.09.2022;83
10.09.2022;83
11.09.2022;83
12.09.2022;90
13.09.2022;113
14.09.2022;113
15.09.2022;113
16.09.2022;113
17.09.2022;113
18.09.2022;113
19.09.2022;113
20.09.2022;113
21.09.2022;113
22.09.2022;93
23.09.2022;83
24.09.2022;83
25.09.2022;83
26.09.2022;83
27.09.2022;83
28.09.2022;83
29.09.2022;95
30.09.2022;113
1.10.2022;113
2.10.2022;113
3.10.2022;113
4.10.2022;113
5.10.2022;113
6.10.2022;113
7.10.2022;113
8.10.2022;115
9.10.2022;113
10.10.2022;113
11.10.2022;113
12.10.2022;113
13.10.2022;113
14.10.2022;113
15.10.2022;113
16.10.2022;113
17.10.2022;113
18.10.2022;112
19.10.2022;76
20.10.2022;55
21.10.2022;54
22.10.2022;55
23.10.2022;44
24.10.2022;36
25.10.2022;32
26.10.2022;32
27.10.2022;32
28.10.2022;32
29.10.2022;32
30.10.2022;32
31.10.2022;32
1.11.2022;32
2.11.2022;32
3.11.2022;32
4.11.2022;32
5.11.2022;32
6.11.2022;32
7.11.2022;32
8.11.2022;32
9.11.2022;32
10.11.2022;32
11.11.2022;32
12.11.2022;32
13.11.2022;32
14.11.2022;32
15.11.2022;32
16.11.2022;50
17.11.2022;55
18.11.2022;55
19.11.2022;55
20.11.2022;55
21.11.2022;55
22.11.2022;55
23.11.2022;66
24.11.2022;78
25.11.2022;98
26.11.2022;91
27.11.2022;79
28.11.2022;55
29.11.2022;55
30.11.2022;55
1.12.2022;55
2.12.2022;55
3.12.2022;55
4.12.2022;55
5.12.2022;55
6.12.2022;98
7.12.2022;112
8.12.2022;172
9.12.2022;2500
10.12.2022;6138
11.12.2022;9807
12.12.2022;11750
13.12.2022;11877
14.12.2022;17153
15.12.2022;18045
16.12.2022;17978
17.12.2022;16571
18.12.2022;14647
19.12.2022;12892
20.12.2022;11545
21.12.2022;10312
22.12.2022;9314
23.12.2022;8516
24.12.2022;7374
25.12.2022;6309
26.12.2022;5128
27.12.2022;4483
28.12.2022;4070
29.12.2022;3700
30.12.2022;3361
31.12.2022;3161
1.01.2023;2921
2.01.2023;2664
3.01.2023;2413
4.01.2023;2174
5.01.2023;1972
6.01.2023;1778
7.01.2023;1650
8.01.2023;1661
9.01.2023;4273
10.01.2023;6808
11.01.2023;6818
12.01.2023;6171
13.01.2023;5135
14.01.2023;4124
15.01.2023;3437
16.01.2023;3262
17.01.2023;3270
18.01.2023;4227
19.01.2023;4364
20.01.2023;4071
21.01.2023;3765
22.01.2023;3450
23.01.2023;3289
24.01.2023;3173
25.01.2023;2924
26.01.2023;2711
27.01.2023;2502
28.01.2023;2318
29.01.2023;2161
30.01.2023;1974
31.01.2023;1802
1.02.2023;1654
2.02.2023;1519
3.02.2023;1386
4.02.2023;1307
5.02.2023;1262
6.02.2023;1228
7.02.2023;1180
8.02.2023;1170
9.02.2023;966
10.02.2023;904
11.02.2023;1020
12.02.2023;1067
13.02.2023;1036
14.02.2023;988
15.02.2023;938
16.02.2023;889
17.02.2023;832
18.02.2023;795
19.02.2023;767
20.02.2023;721
21.02.2023;709
22.02.2023;667
23.02.2023;652
24.02.2023;618
25.02.2023;614
26.02.2023;570
27.02.2023;554
28.02.2023;518
1.03.2023;496
2.03.2023;471
3.03.2023;467
4.03.2023;451
5.03.2023;434
6.03.2023;425
7.03.2023;858
8.03.2023;1530
9.03.2023;1742
10.03.2023;1919
11.03.2023;2133
12.03.2023;2156
13.03.2023;2010
14.03.2023;1834
15.03.2023;1671
16.03.2023;1491
17.03.2023;1351
18.03.2023;1283
19.03.2023;1218
20.03.2023;1131
21.03.2023;1062
22.03.2023;999
23.03.2023;943
24.03.2023;888
25.03.2023;840
26.03.2023;804
27.03.2023;759
28.03.2023;713
29.03.2023;671
30.03.2023;650
31.03.2023;611
1.04.2023;574
2.04.2023;557
3.04.2023;521
4.04.2023;516
5.04.2023;502
6.04.2023;477
7.04.2023;471
8.04.2023;470
9.04.2023;446
10.04.2023;425
11.04.2023;425
12.04.2023;418
13.04.2023;386
14.04.2023;381
15.04.2023;380
16.04.2023;380
17.04.2023;380
18.04.2023;377
19.04.2023;356
20.04.2023;340
21.04.2023;241
22.04.2023;180
23.04.2023;179
24.04.2023;166
25.04.2023;145
26.04.2023;145
27.04.2023;145
28.04.2023;145
29.04.2023;141
30.04.2023;143
1.05.2023;140
2.05.2023;130
3.05.2023;121
4.05.2023;122
5.05.2023;121
6.05.2023;118
7.05.2023;113
8.05.2023;113
9.05.2023;113
10.05.2023;113
11.05.2023;113
12.05.2023;113
13.05.2023;111
14.05.2023;109
15.05.2023;105
16.05.2023;108
17.05.2023;101
18.05.2023;104
19.05.2023;113
20.05.2023;113
21.05.2023;113
22.05.2023;113
23.05.2023;125
24.05.2023;137
25.05.2023;119
26.05.2023;113
27.05.2023;113
28.05.2023;113
29.05.2023;113
30.05.2023;113
31.05.2023;113
1.06.2023;113
2.06.2023;116
3.06.2023;113
4.06.2023;117
5.06.2023;119
6.06.2023;116
7.06.2023;113
8.06.2023;113
9.06.2023;113
10.06.2023;113
11.06.2023;113
12.06.2023;116
13.06.2023;118
14.06.2023;117
15.06.2023;113
16.06.2023;77
17.06.2023;76
18.06.2023;82
19.06.2023;83
20.06.2023;83
21.06.2023;83
22.06.2023;76
23.06.2023;81
24.06.2023;83
25.06.2023;83
26.06.2023;78
27.06.2023;63
28.06.2023;55
29.06.2023;53
30.06.2023;34
1.07.2023;39
2.07.2023;53
3.07.2023;43
4.07.2023;52
5.07.2023;55
6.07.2023;49
7.07.2023;37
8.07.2023;33
9.07.2023;32
10.07.2023;32
11.07.2023;32
12.07.2023;37
13.07.2023;47
14.07.2023;55
15.07.2023;55
16.07.2023;55
17.07.2023;55
18.07.2023;55
19.07.2023;72
20.07.2023;85
21.07.2023;85
22.07.2023;85
23.07.2023;95
24.07.2023;93
25.07.2023;83
26.07.2023;83
27.07.2023;81
28.07.2023;60
29.07.2023;55
30.07.2023;55
31.07.2023;55
1.08.2023;55
2.08.2023;55
3.08.2023;54
4.08.2023;40
5.08.2023;33
6.08.2023;32
7.08.2023;32
8.08.2023;32
9.08.2023;32
10.08.2023;32
11.08.2023;32
12.08.2023;41
13.08.2023;53
14.08.2023;40
15.08.2023;34
16.08.2023;32
17.08.2023;32
18.08.2023;32
19.08.2023;32
20.08.2023;32
21.08.2023;32
22.08.2023;32
23.08.2023;32
24.08.2023;30
25.08.2023;22
26.08.2023;16
27.08.2023;12
28.08.2023;12
29.08.2023;12
30.08.2023;13
31.08.2023;12
1.09.2023;12
2.09.2023;18
3.09.2023;86
4.09.2023;93
5.09.2023;82
6.09.2023;83
7.09.2023;83
8.09.2023;82
9.09.2023;55
10.09.2023;51
11.09.2023;41
12.09.2023;49
13.09.2023;42
14.09.2023;32
15.09.2023;37
16.09.2023;32
17.09.2023;32
18.09.2023;32
19.09.2023;32
20.09.2023;32
21.09.2023;32
22.09.2023;32
23.09.2023;32
24.09.2023;21
25.09.2023;12
26.09.2023;12
27.09.2023;12
28.09.2023;12
29.09.2023;10
30.09.2023;0
1.10.2023;0
2.10.2023;0
3.10.2023;0
4.10.2023;0
5.10.2023;0
6.10.2023;0
7.10.2023;0
8.10.2023;0
9.10.2023;0
10.10.2023;0
11.10.2023;0
12.10.2023;0
13.10.2023;0
14.10.2023;0
15.10.2023;0
16.10.2023;0
17.10.2023;7
18.10.2023;12
19.10.2023;37
20.10.2023;235
21.10.2023;253
22.10.2023;217
23.10.2023;290
24.10.2023;469
25.10.2023;448
26.10.2023;533
27.10.2023;576
28.10.2023;652
29.10.2023;589
30.10.2023;512
31.10.2023;471
1.11.2023;447
2.11.2023;425
3.11.2023;420
4.11.2023;447
5.11.2023;489
6.11.2023;603
7.11.2023;616
8.11.2023;572
9.11.2023;524
10.11.2023;495
11.11.2023;452
12.11.2023;405
13.11.2023;355
14.11.2023;318
15.11.2023;282
16.11.2023;245
17.11.2023;207
18.11.2023;180
19.11.2023;179
20.11.2023;169
21.11.2023;156
22.11.2023;150
23.11.2023;145
24.11.2023;142
25.11.2023;140
26.11.2023;132
27.11.2023;121
28.11.2023;123
29.11.2023;124
30.11.2023;134
1.12.2023;232
2.12.2023;355
3.12.2023;397
4.12.2023;378
5.12.2023;359
6.12.2023;352
7.12.2023;374
8.12.2023;571
9.12.2023;938
10.12.2023;992
11.12.2023;934
12.12.2023;872
13.12.2023;810
14.12.2023;748
15.12.2023;676
16.12.2023;615
17.12.2023;562
18.12.2023;507
19.12.2023;463
20.12.2023;422
21.12.2023;388
22.12.2023;368
23.12.2023;331
24.12.2023;296
25.12.2023;286
26.12.2023;250
27.12.2023;216
28.12.2023;205
29.12.2023;199
30.12.2023;182
31.12.2023;178
1.01.2024;176
2.01.2024;166
3.01.2024;159
4.01.2024;164
5.01.2024;163
6.01.2024;145
7.01.2024;146
8.01.2024;145
9.01.2024;144
10.01.2024;142
11.01.2024;137
12.01.2024;136
13.01.2024;133
14.01.2024;135
15.01.2024;134
16.01.2024;137
17.01.2024;156
18.01.2024;309
19.01.2024;845
20.01.2024;3680
21.01.2024;3899
22.01.2024;2888
23.01.2024;2203
24.01.2024;1667
25.01.2024;1421
26.01.2024;1303
27.01.2024;1199
28.01.2024;1094
29.01.2024;1008
30.01.2024;936
31.01.2024;876
1.02.2024;816
2.02.2024;763
3.02.2024;712
4.02.2024;662
5.02.2024;617
6.02.2024;603
7.02.2024;564
8.02.2024;555
9.02.2024;2536
10.02.2024;10279
11.02.2024;11127
12.02.2024;13059
13.02.2024;12505
14.02.2024;11063
15.02.2024;9547
16.02.2024;8434
17.02.2024;7519
18.02.2024;6464
19.02.2024;5529
20.02.2024;4531
21.02.2024;3648
22.02.2024;3225
23.02.2024;2993
24.02.2024;2760
25.02.2024;2545
26.02.2024;2676
27.02.2024;3516
28.02.2024;3495
29.02.2024;3188
1.03.2024;2895
2.03.2024;2715
3.03.2024;2654
4.03.2024;2564
5.03.2024;2468
6.03.2024;2349
7.03.2024;2273
8.03.2024;2832
9.03.2024;13403
10.03.2024;15801
11.03.2024;13894
12.03.2024;12263
13.03.2024;10696
14.03.2024;9518
15.03.2024;8464
16.03.2024;7360
17.03.2024;6303
18.03.2024;5290
19.03.2024;4543
20.03.2024;3850
21.03.2024;3322
22.03.2024;3154
23.03.2024;2936
24.03.2024;2723
25.03.2024;2558
26.03.2024;3120
27.03.2024;4624
28.03.2024;10467
29.03.2024;14598
30.03.2024;16431
31.03.2024;20549
1.04.2024;19895
2.04.2024;16781
3.04.2024;14147
4.04.2024;12496
5.04.2024;11011
6.04.2024;9911
7.04.2024;9040
8.04.2024;8325
9.04.2024;7332
10.04.2024;6411
11.04.2024;5553
12.04.2024;4754
13.04.2024;4035
14.04.2024;3437
15.04.2024;3225
16.04.2024;3064
17.04.2024;2863
18.04.2024;2675
19.04.2024;2448
20.04.2024;2273
21.04.2024;2141
22.04.2024;1945
23.04.2024;1725
24.04.2024;1584
25.04.2024;1399
26.04.2024;1302
27.04.2024;1240
28.04.2024;1194
29.04.2024;1139
30.04.2024;1084
1.05.2024;1053
2.05.2024;1021
3.05.2024;991
4.05.2024;941
5.05.2024;914
6.05.2024;873
7.05.2024;825
8.05.2024;781
9.05.2024;770
10.05.2024;725
11.05.2024;720
12.05.2024;678
13.05.2024;645
14.05.2024;619
15.05.2024;616
16.05.2024;594
17.05.2024;567
18.05.2024;564
19.05.2024;536
20.05.2024;518
21.05.2024;507
22.05.2024;471
23.05.2024;470
24.05.2024;375
25.05.2024;337
26.05.2024;337
27.05.2024;293
28.05.2024;249
29.05.2024;230
30.05.2024;217
31.05.2024;217
1.06.2024;213
2.06.2024;200
3.06.2024;185
4.06.2024;182
5.06.2024;181
6.06.2024;180
7.06.2024;180
8.06.2024;180
9.06.2024;180
10.06.2024;180
11.06.2024;167
12.06.2024;147
13.06.2024;145
14.06.2024;145
15.06.2024;145
16.06.2024;147
17.06.2024;145
18.06.2024;145
19.06.2024;131
20.06.2024;113
21.06.2024;113
22.06.2024;113
23.06.2024;113
24.06.2024;113
25.06.2024;113
26.06.2024;112
27.06.2024;108
28.06.2024;103
29.06.2024;98
30.06.2024;97
1.07.2024;90
2.07.2024;90
3.07.2024;90
4.07.2024;90
5.07.2024;86
6.07.2024;85
7.07.2024;84
8.07.2024;83
9.07.2024;83
10.07.2024;83
11.07.2024;83
12.07.2024;83
13.07.2024;83
14.07.2024;83
15.07.2024;82
16.07.2024;80
17.07.2024;89
18.07.2024;88
19.07.2024;85
20.07.2024;84
21.07.2024;83
22.07.2024;83
23.07.2024;83
24.07.2024;83
25.07.2024;83
26.07.2024;83
27.07.2024;83
28.07.2024;83
29.07.2024;83
30.07.2024;83
31.07.2024;83
1.08.2024;107
2.08.2024;113
3.08.2024;113
4.08.2024;113
5.08.2024;113
6.08.2024;113
7.08.2024;113
8.08.2024;110
9.08.2024;105
10.08.2024;112
11.08.2024;111
12.08.2024;103
13.08.2024;98
14.08.2024;92
15.08.2024;90
16.08.2024;84
17.08.2024;83
18.08.2024;83
19.08.2024;83
20.08.2024;83
21.08.2024;83
22.08.2024;83
23.08.2024;83
24.08.2024;83
25.08.2024;83
26.08.2024;83
27.08.2024;83
28.08.2024;83
29.08.2024;83
30.08.2024;83
31.08.2024;83
1.09.2024;83
2.09.2024;83
3.09.2024;83
4.09.2024;83
5.09.2024;83
6.09.2024;83
7.09.2024;83
8.09.2024;83
9.09.2024;79
10.09.2024;79
11.09.2024;82
12.09.2024;66
13.09.2024;55
14.09.2024;55
15.09.2024;61
16.09.2024;82
17.09.2024;75
18.09.2024;65
19.09.2024;61
20.09.2024;65
21.09.2024;68
22.09.2024;65
23.09.2024;63
24.09.2024;62
25.09.2024;63
26.09.2024;63
27.09.2024;63
28.09.2024;62
29.09.2024;60
30.09.2024;63
1.10.2024;72
2.10.2024;73
3.10.2024;77
4.10.2024;78
5.10.2024;79
6.10.2024;79
7.10.2024;83
8.10.2024;68
9.10.2024;59
10.10.2024;55
11.10.2024;56
12.10.2024;59
13.10.2024;77
14.10.2024;348
15.10.2024;2968
16.10.2024;5871
17.10.2024;7105
18.10.2024;6171
19.10.2024;5105
20.10.2024;3810
21.10.2024;2843
22.10.2024;2305
23.10.2024;1929
24.10.2024;1511
25.10.2024;1251
26.10.2024;1128
27.10.2024;1124
28.10.2024;1195
29.10.2024;5171
30.10.2024;11113
31.10.2024;15515
1.11.2024;15640
2.11.2024;13571
3.11.2024;12063
4.11.2024;10665
5.11.2024;8986
6.11.2024;7208
7.11.2024;5691
8.11.2024;4910
9.11.2024;4328
10.11.2024;3721
11.11.2024;3276
12.11.2024;2993
13.11.2024;2819
14.11.2024;8185
15.11.2024;13018
16.11.2024;11147
17.11.2024;9139
18.11.2024;7591
19.11.2024;6254
20.11.2024;5526
21.11.2024;4906
22.11.2024;4390
23.11.2024;3833
24.11.2024;3342
25.11.2024;3107
26.11.2024;2807
27.11.2024;2525
28.11.2024;2266
29.11.2024;2066
30.11.2024;1894
1.12.2024;1671
2.12.2024;1492
3.12.2024;1330
4.12.2024;1226
5.12.2024;1157
6.12.2024;1089
7.12.2024;1030
8.12.2024;990
9.12.2024;940
10.12.2024;921
11.12.2024;881
12.12.2024;846
13.12.2024;792
14.12.2024;477
15.12.2024;233
16.12.2024;179
17.12.2024;149
18.12.2024;143
19.12.2024;138
20.12.2024;142
21.12.2024;145
22.12.2024;160
23.12.2024;177
24.12.2024;189
25.12.2024;212
26.12.2024;236
27.12.2024;270
28.12.2024;292
29.12.2024;307
30.12.2024;315
31.12.2024;325
1.01.2025;327
2.01.2025;327
3.01.2025;324
4.01.2025;324
5.01.2025;331
6.01.2025;337
7.01.2025;337
8.01.2025;337
9.01.2025;378
10.01.2025;582
11.01.2025;623
12.01.2025;615
13.01.2025;609
14.01.2025;597
15.01.2025;568
16.01.2025;567
17.01.2025;547
18.01.2025;518
19.01.2025;518
20.01.2025;496
21.01.2025;497
22.01.2025;512
23.01.2025;479
24.01.2025;471
25.01.2025;464
26.01.2025;441
27.01.2025;684
28.01.2025;3924
29.01.2025;5981
30.01.2025;6853
31.01.2025;7638
1.02.2025;6670
2.02.2025;5728
3.02.2025;4658
4.02.2025;3588
5.02.2025;3076
6.02.2025;2723
7.02.2025;2481
8.02.2025;2265
9.02.2025;2146
10.02.2025;2000
11.02.2025;1831
12.02.2025;1676
13.02.2025;1543
14.02.2025;1363
15.02.2025;1286
16.02.2025;1224
17.02.2025;1172
18.02.2025;1126
19.02.2025;1075
20.02.2025;1017
21.02.2025;982
22.02.2025;941
23.02.2025;931
24.02.2025;888
25.02.2025;796
26.02.2025;681
27.02.2025;668
28.02.2025;922
1.03.2025;3956
2.03.2025;4806
3.03.2025;6200
4.03.2025;7802
5.03.2025;7730
6.03.2025;9168
7.03.2025;9510
8.03.2025;12064
9.03.2025;16369
10.03.2025;18849
11.03.2025;21618
12.03.2025;20540
13.03.2025;20166
14.03.2025;21061
15.03.2025;19179
16.03.2025;16391
17.03.2025;17015
18.03.2025;22394
19.03.2025;20600
20.03.2025;18459
21.03.2025;17531
22.03.2025;16261
23.03.2025;15305
24.03.2025;14830
25.03.2025;13943
26.03.2025;13172
27.03.2025;12036
28.03.2025;10996
29.03.2025;10109
30.03.2025;9417
31.03.2025;8782
1.04.2025;8160
2.04.2025;7467
3.04.2025;6758
4.04.2025;6401
5.04.2025;6824
6.04.2025;7063
7.04.2025;6575
8.04.2025;5991
9.04.2025;5276
10.04.2025;4934
11.04.2025;4447
12.04.2025;4157
13.04.2025;3962
14.04.2025;3698
15.04.2025;3434
16.04.2025;3295
17.04.2025;3172
18.04.2025;3060
19.04.2025;2957
20.04.2025;2822
21.04.2025;2701
22.04.2025;2569
23.04.2025;2422
24.04.2025;2246
25.04.2025;2131
26.04.2025;2075
27.04.2025;1976
28.04.2025;1858
29.04.2025;1813
30.04.2025;1759
1.05.2025;1689
2.05.2025;1675
3.05.2025;1750
4.05.2025;1685
5.05.2025;1599
6.05.2025;1508
7.05.2025;1446
8.05.2025;1359
9.05.2025;1180
10.05.2025;1014
11.05.2025;991
12.05.2025;941
13.05.2025;904
14.05.2025;850
15.05.2025;822
16.05.2025;779
17.05.2025;773
18.05.2025;751
19.05.2025;720
20.05.2025;720
21.05.2025;710
22.05.2025;695
23.05.2025;691
24.05.2025;722
25.05.2025;718
26.05.2025;669
27.05.2025;648
28.05.2025;618
29.05.2025;617
30.05.2025;616
31.05.2025;617
1.06.2025;604
2.06.2025;536
3.06.2025;518
4.06.2025;503
5.06.2025;471
6.06.2025;455
7.06.2025;425
8.06.2025;425
9.06.2025;425
10.06.2025;425
11.06.2025;425
12.06.2025;422
13.06.2025;425
14.06.2025;420
15.06.2025;394
16.06.2025;379
17.06.2025;349
18.06.2025;353
19.06.2025;345
20.06.2025;344
21.06.2025;347
22.06.2025;341
23.06.2025;337
24.06.2025;263
25.06.2025;199
26.06.2025;196
27.06.2025;188
28.06.2025;182
29.06.2025;181
30.06.2025;180
1.07.2025;213
2.07.2025;221
3.07.2025;218
4.07.2025;217
5.07.2025;217
6.07.2025;217
7.07.2025;217
8.07.2025;209
9.07.2025;182
10.07.2025;180
11.07.2025;177
12.07.2025;173
13.07.2025;178
14.07.2025;167
15.07.2025;162
16.07.2025;146
17.07.2025;164
18.07.2025;171
19.07.2025;167
20.07.2025;156
21.07.2025;151
22.07.2025;146
23.07.2025;147
24.07.2025;146
25.07.2025;143
26.07.2025;143
27.07.2025;140
28.07.2025;145
29.07.2025;142
30.07.2025;140
31.07.2025;140
1.08.2025;139
2.08.2025;145
3.08.2025;140
4.08.2025;134
5.08.2025;139
6.08.2025;144
7.08.2025;145
8.08.2025;145
9.08.2025;136
10.08.2025;136
11.08.2025;142
12.08.2025;144
13.08.2025;132
14.08.2025;133
15.08.2025;132
16.08.2025;133
17.08.2025;135
18.08.2025;145
19.08.2025;146
20.08.2025;152
21.08.2025;149
22.08.2025;152
23.08.2025;149
24.08.2025;151
25.08.2025;162
26.08.2025;165
27.08.2025;167
28.08.2025;172
29.08.2025;167
30.08.2025;163
31.08.2025;169
1.09.2025;176
2.09.2025;143
3.09.2025;113
4.09.2025;113
5.09.2025;113
6.09.2025;113
7.09.2025;113
8.09.2025;113
9.09.2025;113
10.09.2025;113
11.09.2025;114
12.09.2025;114
13.09.2025;114
14.09.2025;114
15.09.2025;114
16.09.2025;117
17.09.2025;118
18.09.2025;117
19.09.2025;122
20.09.2025;139
21.09.2025;145
22.09.2025;145
23.09.2025;147
24.09.2025;129
25.09.2025;113
26.09.2025;113
27.09.2025;113
28.09.2025;113
29.09.2025;129
30.09.2025;145
